,RK,TIERS,PLAYER NAME,TEAM,POS,BYE WEEK,SOS SEASON,ECR VS. ADP,Position
0,1,1,Christian McCaffrey,CAR,RB1,13,2,0,RB
1,2,1,Dalvin Cook,MIN,RB2,7,3,0,RB
2,3,1,Alvin Kamara,NO,RB3,6,2,+1,RB
3,4,1,Derrick Henry,TEN,RB4,13,3,-1,RB
4,5,1,Ezekiel Elliott,DAL,RB5,7,2,0,RB
5,6,1,Aaron Jones,GB,RB6,13,0,+2,RB
6,7,1,Davante Adams,GB,WR1,13,1,+3,WR
7,8,2,Saquon Barkley,NYG,RB7,10,2,-1,RB
8,9,2,Tyreek Hill,KC,WR2,12,3,+2,WR
9,10,2,Nick Chubb,CLE,RB8,13,4,-4,RB
10,11,2,Stefon Diggs,BUF,WR3,7,3,+3,WR
11,12,2,Jonathan Taylor,IND,RB9,14,4,-3,RB
12,13,2,Austin Ekeler,LAC,RB10,7,4,0,RB
13,14,2,Travis Kelce,KC,TE1,12,3,-2,TE
14,15,2,Calvin Ridley,ATL,WR4,6,4,+6,WR
15,16,2,DeAndre Hopkins,ARI,WR5,12,2,+1,WR
16,17,2,Antonio Gibson,WAS,RB11,9,3,-1,RB
17,18,2,D.K. Metcalf,SEA,WR6,9,1,+1,WR
18,19,2,Joe Mixon,CIN,RB12,10,3,+1,RB
19,20,2,Najee Harris,PIT,RB13,7,5,-5,RB
20,21,3,A.J. Brown,TEN,WR7,13,3,+3,WR
21,22,3,Justin Jefferson,MIN,WR8,7,3,+1,WR
22,23,3,Keenan Allen,LAC,WR9,7,3,+5,WR
23,24,3,Darren Waller,LV,TE2,8,4,+1,TE
24,25,3,Clyde Edwards-Helaire,KC,RB14,12,4,-3,RB
25,26,3,Allen Robinson II,CHI,WR10,10,3,+8,WR
26,27,3,Terry McLaurin,WAS,WR11,9,3,+4,WR
27,28,3,Patrick Mahomes II,KC,QB1,12,4,-10,QB
28,29,3,CeeDee Lamb,DAL,WR12,7,1,+7,WR
29,30,3,J.K. Dobbins,BAL,RB15,8,4,-4,RB
30,31,3,Chris Carson,SEA,RB16,9,1,-1,RB
31,32,3,David Montgomery,CHI,RB17,10,3,-3,RB
32,33,3,D'Andre Swift,DET,RB18,9,0,0,RB
33,34,3,George Kittle,SF,TE3,6,4,-7,TE
34,35,4,Mike Evans,TB,WR13,9,2,+2,WR
35,36,4,Robert Woods,LAR,WR14,11,5,+6,WR
36,37,4,Chris Godwin,TB,WR15,9,2,+3,WR
37,38,4,Amari Cooper,DAL,WR16,7,1,+5,WR
38,39,4,James Robinson,JAC,RB19,7,4,+19,RB
39,40,4,Darrell Henderson,LAR,RB20,11,4,+5,RB
40,41,4,Miles Sanders,PHI,RB21,14,3,-3,RB
41,42,4,Josh Allen,BUF,QB2,7,1,-7,QB
42,43,4,Julio Jones,TEN,WR17,13,3,-2,WR
43,44,4,D.J. Moore,CAR,WR18,13,5,+10,WR
44,45,4,Cooper Kupp,LAR,WR19,11,5,+3,WR
45,46,4,Josh Jacobs,LV,RB22,8,2,-14,RB
46,47,4,Tyler Lockett,SEA,WR20,9,1,+5,WR
47,48,4,Mike Davis,ATL,RB23,6,2,+9,RB
48,49,4,Diontae Johnson,PIT,WR21,7,2,+7,WR
49,50,4,Kareem Hunt,CLE,RB24,13,4,0,RB
50,51,4,Adam Thielen,MIN,WR22,7,3,-2,WR
51,52,4,Myles Gaskin,MIA,RB25,14,4,-5,RB
52,53,4,Kyler Murray,ARI,QB3,12,2,-14,QB
53,54,4,Mark Andrews,BAL,TE4,8,4,-3,TE
54,55,4,T.J. Hockenson,DET,TE5,9,4,-2,TE
55,56,4,Kyle Pitts,ATL,TE6,6,2,-10,TE
56,57,4,Lamar Jackson,BAL,QB4,8,2,-13,QB
57,58,5,Brandon Aiyuk,SF,WR23,6,5,+3,WR
58,59,5,Tee Higgins,CIN,WR24,10,2,+11,WR
59,60,5,Javonte Williams,DEN,RB26,11,5,+5,RB
60,61,5,Dak Prescott,DAL,QB5,7,2,-6,QB
61,62,5,Chase Edmonds,ARI,RB27,12,3,0,RB
62,63,5,Damien Harris,NE,RB28,14,3,+10,RB
63,64,5,Kenny Golladay,NYG,WR25,10,3,0,WR
64,65,5,Odell Beckham Jr.,CLE,WR26,13,1,+3,WR
65,66,5,Russell Wilson,SEA,QB6,9,0,-7,QB
66,67,5,Raheem Mostert,SF,RB29,6,3,-1,RB
67,68,5,Chase Claypool,PIT,WR27,7,2,+1,WR
68,69,5,Aaron Rodgers,GB,QB7,13,2,-6,QB
69,70,5,Ja'Marr Chase,CIN,WR28,10,2,-3,WR
70,71,5,Melvin Gordon III,DEN,RB30,11,5,+4,RB
71,72,5,Ronald Jones II,TB,RB31,9,0,-1,RB
72,73,5,Justin Herbert,LAC,QB8,7,2,-13,QB
73,74,5,Trey Sermon,SF,RB32,6,3,+10,RB
74,75,5,Michael Carter,NYJ,RB33,6,4,+3,RB
75,76,5,Jerry Jeudy,DEN,WR29,11,4,+6,WR
76,77,5,JuJu Smith-Schuster,PIT,WR30,7,2,-1,WR
77,78,5,Courtland Sutton,DEN,WR31,11,4,+1,WR
78,79,5,Robby Anderson,CAR,WR32,13,5,+2,WR
79,80,5,Noah Fant,DEN,TE7,11,4,-3,TE
80,81,5,Tyler Boyd,CIN,WR33,10,2,+10,WR
81,82,5,James Conner,ARI,RB34,12,3,+13,RB
82,83,6,Ryan Tannehill,TEN,QB9,13,2,+10,QB
83,84,6,Zack Moss,BUF,RB35,7,3,+8,RB
84,85,6,Logan Thomas,WAS,TE8,9,3,+4,TE
85,86,6,Leonard Fournette,TB,RB36,9,0,-6,RB
86,87,6,Brandin Cooks,HOU,WR34,10,3,+11,WR
87,88,6,Deebo Samuel,SF,WR35,6,5,-5,WR
88,89,6,Tom Brady,TB,QB10,9,2,-15,QB
89,90,6,Dallas Goedert,PHI,TE9,14,3,-2,TE
90,91,6,D.J. Chark Jr.,JAC,WR36,7,5,-4,WR
91,92,6,Kenyan Drake,LV,RB37,8,2,+8,RB
92,93,6,Matthew Stafford,LAR,QB11,11,4,-3,QB
93,94,6,Robert Tonyan,GB,TE10,13,3,+5,TE
94,95,6,Jalen Hurts,PHI,QB12,14,4,-10,QB
95,96,6,Gus Edwards,BAL,RB38,8,4,+12,RB
96,97,6,AJ Dillon,GB,RB39,13,0,-3,RB
97,98,6,Will Fuller V,MIA,WR37,14,3,+5,WR
98,99,6,David Johnson,HOU,RB40,10,4,-2,RB
99,100,6,DeVonta Smith,PHI,WR38,14,3,-14,WR
100,101,6,Tyler Higbee,LAR,TE11,11,2,+4,TE
101,102,6,Antonio Brown,TB,WR39,9,2,-6,WR
102,103,6,Jamaal Williams,DET,RB41,9,0,+18,RB
103,104,6,Corey Davis,NYJ,WR40,6,4,+13,WR
104,105,6,Devin Singletary,BUF,RB42,7,3,+2,RB
105,106,6,Jarvis Landry,CLE,WR41,13,1,-4,WR
106,107,6,Nyheim Hines,IND,RB43,14,4,+18,RB
107,108,6,Joe Burrow,CIN,QB13,10,2,-2,QB
108,109,6,Curtis Samuel,WAS,WR42,9,3,+4,WR
109,110,6,Laviska Shenault Jr.,JAC,WR43,7,5,+1,WR
110,111,6,Tony Pollard,DAL,RB44,7,2,+9,RB
111,112,6,Mike Gesicki,MIA,TE12,14,4,-2,TE
112,113,6,Mike Williams,LAC,WR44,7,3,+2,WR
113,114,6,Michael Gallup,DAL,WR45,7,1,+5,WR
114,115,6,Irv Smith Jr.,MIN,TE13,7,2,+12,TE
115,116,6,Jonnu Smith,NE,TE14,14,5,+34,TE
116,117,6,Michael Thomas,NO,WR46,6,4,-45,WR
117,118,6,Phillip Lindsay,HOU,RB45,10,4,+30,RB
118,119,6,Marvin Jones Jr.,JAC,WR47,7,5,+17,WR
119,120,7,Latavius Murray,NO,RB46,6,2,+17,RB
120,121,7,Evan Engram,NYG,TE15,10,3,+34,TE
121,122,7,DeVante Parker,MIA,WR48,14,3,+17,WR
122,123,7,Jaylen Waddle,MIA,WR49,14,3,-9,WR
123,124,7,Michael Pittman Jr.,IND,WR50,14,5,0,WR
124,125,7,Darnell Mooney,CHI,WR51,10,3,+7,WR
125,126,7,Marquise Brown,BAL,WR52,8,2,+3,WR
126,127,7,Matt Ryan,ATL,QB14,6,3,+4,QB
127,128,7,James White,NE,RB47,14,3,+39,RB
128,129,7,Trevor Lawrence,JAC,QB15,7,4,-7,QB
129,130,7,Alexander Mattison,MIN,RB48,7,3,+8,RB
130,131,7,J.D. McKissic,WAS,RB49,9,3,+15,RB
131,132,7,Rob Gronkowski,TB,TE16,9,3,-23,TE
132,133,7,Hunter Henry,NE,TE17,14,5,+19,TE
133,134,7,Kirk Cousins,MIN,QB16,7,3,+13,QB
134,135,7,Mecole Hardman,KC,WR53,12,3,0,WR
135,136,7,T.Y. Hilton,IND,WR54,14,5,+13,WR
136,137,7,Baker Mayfield,CLE,QB17,13,3,-4,QB
137,138,7,Giovani Bernard,TB,RB50,9,0,+30,RB
138,139,7,Russell Gage,ATL,WR55,6,4,+18,WR
139,140,7,Tua Tagovailoa,MIA,QB18,14,4,+14,QB
140,141,7,Gerald Everett,SEA,TE18,9,1,+50,TE
141,142,7,Cole Beasley,BUF,WR56,7,3,-2,WR
142,143,7,Henry Ruggs III,LV,WR57,8,1,-15,WR
143,144,7,Jared Cook,LAC,TE19,7,3,+38,TE
144,145,7,Cole Kmet,CHI,TE20,10,1,+86,TE
145,146,7,Blake Jarwin,DAL,TE21,7,2,+49,TE
146,147,7,Austin Hooper,CLE,TE22,13,2,+80,TE
147,148,7,Tevin Coleman,NYJ,RB51,6,4,+12,RB
148,149,7,Rashaad Penny,SEA,RB52,9,1,+10,RB
149,150,7,Adam Trautman,NO,TE23,6,4,+20,TE
150,151,7,Nelson Agholor,NE,WR58,14,4,+24,WR
151,152,7,Elijah Moore,NYJ,WR59,6,4,-9,WR
152,153,7,Ryan Fitzpatrick,WAS,QB19,9,4,+19,QB
153,154,7,Sterling Shepard,NYG,WR60,10,3,+38,WR
154,155,7,Justin Fields,CHI,QB20,10,2,-10,QB
155,156,7,Jalen Reagor,PHI,WR61,14,3,+25,WR
156,157,7,Ben Roethlisberger,PIT,QB21,7,4,+4,QB
157,158,8,Tre'Quan Smith,NO,WR62,6,4,+44,WR
158,159,8,Jakobi Meyers,NE,WR63,14,4,+46,WR
159,160,8,Daniel Jones,NYG,QB22,10,4,+72,QB
160,161,8,Rashod Bateman,BAL,WR64,8,2,+8,WR
161,162,8,Derek Carr,LV,QB23,8,3,+45,QB
162,163,8,Jamison Crowder,NYJ,WR65,6,4,+26,WR
163,164,8,Los Angeles Rams,LAR,DST1,11,3,-63,DS
164,165,8,Pittsburgh Steelers,PIT,DST2,7,2,-61,DS
165,166,8,Anthony Firkser,TEN,TE24,13,2,+48,TE
166,167,8,Eric Ebron,PIT,TE25,7,5,+53,TE
167,168,8,Gabriel Davis,BUF,WR66,7,3,+57,WR
168,169,8,Emmanuel Sanders,BUF,WR67,7,3,+18,WR
169,170,8,Zach Ertz,PHI,TE26,14,3,-14,TE
170,171,8,Baltimore Ravens,BAL,DST3,8,2,-53,DS
171,172,8,Tarik Cohen,CHI,RB53,10,3,+6,RB
172,173,8,Rondale Moore,ARI,WR68,12,2,+17,WR
173,174,8,John Brown,LV,WR69,8,1,+47,WR
174,175,8,Washington Football Team,WAS,DST4,9,2,-63,DS
175,176,8,San Francisco 49ers,SF,DST5,6,3,-46,DS
176,177,8,Tampa Bay Buccaneers,TB,DST6,9,5,-61,DS
177,178,8,Justin Tucker,BAL,K1,8,4,-55,K1
178,179,8,Trey Lance,SF,QB24,6,5,-26,QB
179,180,8,Christian Kirk,ARI,WR70,12,2,+42,WR
180,181,8,Malcolm Brown,MIA,RB54,14,4,+37,RB
181,182,8,Parris Campbell,IND,WR71,14,5,+65,WR
182,183,8,Zach Wilson,NYJ,QB25,6,3,-3,QB
183,184,8,Harrison Butker,KC,K2,12,2,-58,K2
184,185,8,Bryan Edwards,LV,WR72,8,1,+21,WR
185,186,8,Indianapolis Colts,IND,DST7,14,2,-45,DS
186,187,8,Younghoe Koo,ATL,K3,6,3,-53,K3
187,188,8,Sam Darnold,CAR,QB26,13,4,+45,QB
188,189,8,Darius Slayton,NYG,WR73,10,3,+65,WR
189,190,8,New England Patriots,NE,DST8,14,0,-16,DS
190,191,8,Breshad Perriman,DET,WR74,9,1,+64,WR
191,192,8,Buffalo Bills,BUF,DST9,7,3,-48,DS
192,193,8,Greg Zuerlein,DAL,K4,7,4,-35,K4
193,194,8,Darrel Williams,KC,RB55,12,4,-6,RB
194,195,8,Salvon Ahmed,MIA,RB56,14,4,+22,RB
195,196,8,Randall Cobb,GB,WR75,13,1,-13,WR
196,197,8,Marlon Mack,IND,RB57,14,4,-34,RB
197,198,8,A.J. Green,ARI,WR76,12,2,-19,WR
198,199,8,Darrynton Evans,TEN,RB58,13,3,+31,RB
199,200,8,Kenneth Gainwell,PHI,RB59,14,3,+3,RB
200,201,8,Carson Wentz,IND,QB27,14,4,+12,QB
201,202,8,Amon-Ra St. Brown,DET,WR77,9,1,-2,WR
202,203,8,Sammy Watkins,BAL,WR78,8,2,+21,WR
203,204,8,New Orleans Saints,NO,DST10,6,3,+37,DS
204,205,8,Jared Goff,DET,QB28,9,1,+23,QB
205,206,8,Kansas City Chiefs,KC,DST11,12,1,-20,DS
206,207,8,Terrace Marshall Jr.,CAR,WR79,13,5,-10,WR
207,208,9,Allen Lazard,GB,WR80,13,1,+32,WR
208,209,9,Damien Williams,CHI,RB60,10,3,-16,RB
209,210,9,Jason Sanders,MIA,K5,14,4,-59,K5
210,211,9,Sony Michel,NE,RB61,14,3,-7,RB
211,212,9,Justin Jackson,LAC,RB62,7,4,+36,RB
212,213,9,Denver Broncos,DEN,DST12,11,2,-28,DS
213,214,9,Matt Prater,ARI,K6,12,4,-6,K6
214,215,9,Chicago Bears,CHI,DST13,10,2,+24,DS
215,216,9,Rodrigo Blankenship,IND,K7,14,3,-52,K7
216,217,9,Jameis Winston,NO,QB29,6,3,-1,QB
217,218,9,Hayden Hurst,ATL,TE27,6,2,+17,TE
218,219,9,Miami Dolphins,MIA,DST14,14,2,-25,DS
219,220,9,Los Angeles Chargers,LAC,DST15,7,4,+78,DS
220,221,9,Cleveland Browns,CLE,DST16,13,3,-50,DS
221,222,9,Marquez Valdes-Scantling,GB,WR81,13,1,+58,WR
222,223,9,Robbie Gould,SF,K8,6,4,-12,K8
223,224,9,Dawson Knox,BUF,TE28,7,2,+21,TE
224,225,9,Carlos Hyde,JAC,RB63,7,4,+103,RB
225,226,9,Tyrell Williams,DET,WR82,9,1,+55,WR
226,227,9,Tyler Bass,BUF,K9,7,3,-85,K9
227,228,9,Boston Scott,PHI,RB64,14,3,+15,RB
228,229,9,Cam Newton,NE,QB30,14,5,-31,QB
229,230,9,Jason Myers,SEA,K10,9,4,-18,K1
230,231,9,Chuba Hubbard,CAR,RB65,13,2,-69,RB
231,232,9,Ryan Succop,TB,K11,9,2,-56,K1
232,233,9,Green Bay Packers,GB,DST17,13,5,+20,DS
233,234,9,Joshua Kelley,LAC,RB66,7,4,+30,RB
234,235,9,Mason Crosby,GB,K12,13,0,-36,K1
235,236,9,Seattle Seahawks,SEA,DST18,9,4,-10,DS
236,237,9,Wil Lutz,NO,K13,6,4,-53,K1
237,238,9,Minnesota Vikings,MIN,DST19,7,3,-15,DS
238,239,9,Mark Ingram II,HOU,RB67,10,4,-38,RB
239,240,9,Michael Badgley,LAC,K14,7,2,+16,K1
240,241,9,Van Jefferson,LAR,WR83,11,5,+52,WR
241,242,9,Brandon McManus,DEN,K15,11,1,-8,K1
242,243,9,Tim Patrick,DEN,WR84,11,4,+84,WR
243,244,9,O.J. Howard,TB,TE29,9,3,+7,TE
244,245,9,Daniel Carlson,LV,K16,8,2,-35,K1
245,246,9,Josh Reynolds,TEN,WR85,13,3,+69,WR
246,247,9,Philadelphia Eagles,PHI,DST20,14,4,+40,DS
247,248,9,DeSean Jackson,LAR,WR86,11,5,+46,WR
248,249,9,Denzel Mims,NYJ,WR87,6,4,+10,WR
249,250,9,Hunter Renfrow,LV,WR88,8,1,+53,WR
250,251,9,KJ Hamler,DEN,WR89,11,4,+44,WR
251,252,9,Marquez Callaway,NO,WR90,6,4,-87,WR
252,253,9,Taysom Hill,NO,QB31,6,3,-80,QB
253,254,9,Rhamondre Stevenson,NE,RB68,14,3,-58,RB
254,255,9,Joey Slye,CAR,K17,13,5,+29,K1
255,256,9,Benny Snell Jr.,PIT,RB69,7,5,+2,RB
256,257,9,Devontae Booker,NYG,RB70,10,2,-48,RB
257,258,9,Anthony Miller,HOU,WR91,10,3,+17,WR
258,259,9,Jake Elliott,PHI,K18,14,4,+4,K1
259,260,9,Chris Boswell,PIT,K19,7,2,0,K1
260,261,9,Tennessee Titans,TEN,DST21,13,3,-46,DS
261,262,9,Jerick McKinnon,KC,RB71,12,4,-16,RB
262,263,9,Dan Arnold,CAR,TE30,13,4,-1,TE
263,264,9,Kadarius Toney,NYG,WR92,10,3,-26,WR
264,265,9,Dustin Hopkins,WAS,K20,9,2,+17,K2
265,266,10,Ty Johnson,NYJ,RB72,6,4,+22,RB
266,267,10,Arizona Cardinals,ARI,DST22,12,3,+6,DS
267,268,10,Nico Collins,HOU,WR93,10,3,-32,WR
268,269,10,New York Giants,NYG,DST23,10,4,0,DS
269,270,10,Ka'imi Fairbairn,HOU,K21,10,3,+74,K2
270,271,10,Chris Herndon IV,NYJ,TE31,6,3,+98,TE
271,272,10,Xavier Jones,LAR,RB73,11,4,-95,RB
272,273,10,James Washington,PIT,WR94,7,2,+92,WR
273,274,10,Matt Breida,BUF,RB74,7,3,+117,RB
274,275,10,Jeff Wilson Jr.,SF,RB75,6,3,-1,RB
275,276,10,Amari Rodgers,GB,WR95,13,1,+16,WR
276,277,10,La'Mical Perine,NYJ,RB76,6,4,-7,RB
277,278,10,Wayne Gallman,SF,RB77,6,3,+22,RB
278,279,10,Jack Doyle,IND,TE32,14,4,+110,TE
279,280,10,New York Jets,NYJ,DST24,6,4,+69,DS
280,281,10,Teddy Bridgewater,DEN,QB32,11,5,+48,QB
281,282,10,Anthony McFarland Jr.,PIT,RB78,7,5,-33,RB
282,283,10,Josh Lambo,JAC,K22,7,5,+72,K2
283,284,10,Jimmy Graham,CHI,TE33,10,1,-16,TE
284,285,10,Samaje Perine,CIN,RB79,10,3,+22,RB
285,286,10,Dallas Cowboys,DAL,DST25,7,5,-44,DS
286,287,10,Drew Lock,DEN,QB33,11,5,+59,QB
287,288,10,Rashard Higgins,CLE,WR96,13,1,+46,WR
288,289,10,Jimmy Garoppolo,SF,QB34,6,5,+24,QB
289,290,10,Matt Gay,LAR,K23,11,5,-53,K2
290,291,10,Preston Williams,MIA,WR97,14,3,+70,WR
291,292,10,Keke Coutee,HOU,WR98,10,3,+4,WR
292,293,10,Jacksonville Jaguars,JAC,DST26,7,2,+59,DS
293,294,10,N'Keal Harry,NE,WR99,14,4,+74,WR
294,295,10,Kerryon Johnson,PHI,RB80,14,3,+35,RB
295,296,10,Quintez Cephus,DET,WR100,9,1,+60,WR
296,297,10,Zach Pascal,IND,WR101,14,5,+48,WR
297,298,10,Deshaun Watson,HOU,QB35,10,4,-132,QB
298,299,10,Keelan Cole Sr.,NYJ,WR102,6,4,+55,WR
299,300,10,Donovan Peoples-Jones,CLE,WR103,13,1,-29,WR
300,301,10,Kendrick Bourne,NE,WR104,14,4,+58,WR
301,302,10,Graham Gano,NYG,K24,10,2,+35,K2
302,303,10,Tyron Johnson,LAC,WR105,7,3,+76,WR
303,304,10,Travis Fulgham,PHI,WR106,14,3,+2,WR
304,305,10,Atlanta Falcons,ATL,DST27,6,5,+43,DS
305,306,10,Ke'Shawn Vaughn,TB,RB81,9,0,+8,RB
306,307,10,Tyrod Taylor,HOU,QB36,10,4,-10,QB
307,308,10,Javian Hawkins,ATL,RB82,6,2,-58,RB
308,309,10,Dyami Brown,WAS,WR107,9,3,-5,WR
309,310,10,D'Wayne Eskridge,SEA,WR108,9,1,-2,WR
310,311,10,Carolina Panthers,CAR,DST28,13,4,-28,DS
311,312,10,Scotty Miller,TB,WR109,9,2,-27,WR
312,313,10,DeeJay Dallas,SEA,RB83,9,1,-,RB
313,314,10,Qadree Ollison,ATL,RB84,6,2,-37,RB
314,315,10,Austin Seibert,CIN,K25,10,1,-,K2
315,316,10,Kyle Rudolph,NYG,TE34,10,3,-,TE
316,317,10,Dalton Schultz,DAL,TE35,7,2,-8,TE
317,318,10,Jalen Richard,LV,RB85,8,2,-16,RB
318,319,10,Jordan Howard,PHI,RB86,14,3,-,RB
319,320,10,Mac Jones,NE,QB37,14,5,-31,QB
320,321,10,Rex Burkhead,HOU,RB87,10,4,-,RB
321,322,10,Pat Freiermuth,PIT,TE36,7,5,-103,TE
322,323,10,Mo Alie-Cox,IND,TE37,14,4,-44,TE
323,324,10,Stephen Gostkowski,FA,K26,-,-,-,K2
324,325,10,Greg Ward,PHI,WR110,14,3,-,WR
325,326,11,Cairo Santos,CHI,K27,10,2,+15,K2
326,327,11,Kalen Ballage,PIT,RB88,7,5,-2,RB
327,328,11,Ian Thomas,CAR,TE38,13,4,-,TE
328,329,11,Eno Benjamin,ARI,RB89,12,3,-51,RB
329,330,11,Andy Dalton,CHI,QB38,10,2,+51,QB
330,331,11,Andy Isabella,ARI,WR111,12,2,-,WR
331,332,11,Justice Hill,BAL,RB90,8,4,+54,RB
332,333,11,Donald Parham Jr.,LAC,TE39,7,3,+61,TE
333,334,11,Josh Palmer,LAC,WR112,7,3,-68,WR
334,335,11,Brian Hill,TEN,RB91,13,3,-44,RB
335,336,11,Jordan Akins,HOU,TE40,10,4,-79,TE
336,337,11,Byron Pringle,KC,WR113,12,3,-36,WR
337,338,11,Zane Gonzalez,DET,K28,9,5,-,K2
338,339,11,Demarcus Robinson,KC,WR114,12,3,-63,WR
339,340,11,Miles Boykin,BAL,WR115,8,2,-,WR
340,341,11,Larry Rountree III,LAC,RB92,7,4,-22,RB
341,342,11,Will Dissly,SEA,TE41,9,1,+41,TE
342,343,11,Jordan Wilkins,IND,RB93,14,4,-,RB
343,344,11,Le'Veon Bell,FA,RB94,-,-,-79,RB
344,345,11,Ito Smith,MIN,RB95,7,3,-3,RB
345,346,11,Olamide Zaccheaus,ATL,WR116,6,4,-47,WR
346,347,11,Duke Johnson Jr.,FA,RB96,-,-,-,RB
347,348,11,Todd Gurley II,FA,RB97,-,-,-119,RB
348,349,11,C.J. Uzomah,CIN,TE42,10,2,-13,TE
349,350,11,Cody Parkey,CLE,K29,13,2,-7,K2
350,351,11,Jermar Jefferson,DET,RB98,9,0,-,RB
351,352,11,John Ross,NYG,WR117,10,3,-,WR
352,353,11,Peyton Barber,WAS,RB99,9,3,-,RB
353,354,11,Houston Texans,HOU,DST29,10,2,-21,DS
354,355,11,Harrison Bryant,CLE,TE43,13,2,-,TE
355,356,11,David Njoku,CLE,TE44,13,2,-,TE
356,357,11,Dan Bailey,FA,K30,-,-,-,K3
357,358,11,Drew Sample,CIN,TE45,10,2,-,TE
358,359,11,Jake Funk,LAR,RB100,11,4,-20,RB
359,360,11,Jalen Guyton,LAC,WR118,7,3,+2,WR
360,361,11,Adam Humphries,WAS,WR119,9,3,-40,WR
361,362,11,Steven Sims Jr.,WAS,WR120,9,3,-,WR
362,363,11,Tutu Atwell,LAR,WR121,11,5,-52,WR
363,364,11,Adrian Peterson,FA,RB101,-,-,+12,RB
364,365,11,Randy Bullock,DET,K31,9,5,-5,K3
365,366,11,Sam Sloman,PIT,K32,7,2,-,K3
366,367,11,Deonte Harris,NO,WR122,6,4,-35,WR
367,368,11,Elijah Mitchell,SF,RB102,6,3,-116,RB
368,369,11,Cordarrelle Patterson,ATL,WR123,6,4,-102,WR
369,370,11,Tyler Conklin,MIN,TE46,7,2,-,TE
370,371,11,Mike Boone,DEN,RB103,11,5,-66,RB
371,372,11,Albert Okwuegbunam,DEN,TE47,11,4,+20,TE
372,373,11,Dede Westbrook,MIN,WR124,7,3,-,WR
373,374,11,Tylan Wallace,BAL,WR125,8,2,-,WR
374,375,11,Jacob Hollister,BUF,TE48,7,2,-,TE
375,376,11,Chris Thompson,FA,RB104,-,-,-,RB
376,377,11,Tyler Johnson,TB,WR126,9,2,-4,WR
377,378,11,Quez Watkins,PHI,WR127,14,3,-,WR
378,379,11,Detroit Lions,DET,DST30,9,5,-22,DS
379,380,11,Nick Folk,NE,K33,14,4,-136,K3
380,381,11,Las Vegas Raiders,LV,DST31,8,4,-,DS
381,382,11,Cameron Brate,TB,TE49,9,3,-,TE
382,383,11,Cincinnati Bengals,CIN,DST32,10,3,-,DS
383,384,11,Dez Fitzpatrick,TEN,WR128,13,3,-18,WR
384,385,11,Collin Johnson,JAC,WR129,7,5,-,WR
385,386,12,Tyler Kroft,NYJ,TE50,6,3,-,TE
386,387,12,Chris Evans,CIN,RB105,10,3,-29,RB
387,388,12,Kylin Hill,GB,RB106,13,0,-,RB
388,389,12,Antonio Gandy-Golden,WAS,WR130,9,3,-36,WR
389,390,12,Chris Conley,HOU,WR131,10,3,-19,WR
390,391,12,Brevin Jordan,HOU,TE51,10,4,-,TE
391,392,12,Devin Duvernay,BAL,WR132,8,2,-,WR
392,393,12,Evan McPherson,CIN,K34,10,1,-81,K3
393,394,12,Royce Freeman,DEN,RB107,11,5,-108,RB
394,395,12,Tyler Eifert,FA,TE52,-,-,-,TE
395,396,12,Jacob Eason,IND,QB39,14,4,-11,QB
396,397,12,James O'Shaughnessy,JAC,TE53,7,4,-,TE
397,398,12,Jalen Hurd,SF,WR133,6,5,-,WR
398,399,12,Jaret Patterson,WAS,RB108,9,3,-11,RB
399,400,12,Maxx Williams,ARI,TE54,12,2,-,TE
400,401,12,David Moore,CAR,WR134,13,5,-75,WR
401,402,12,Golden Tate,FA,WR135,-,-,-,WR
402,403,12,Auden Tate,CIN,WR136,10,2,-,WR
403,404,12,Cornell Powell,KC,WR137,12,3,-9,WR
404,405,12,Jordan Love,GB,QB40,13,2,-35,QB
405,406,12,Tony Jones Jr.,NO,RB109,6,2,-,RB
406,407,12,Greg Joseph,MIN,K35,7,0,-,K3
407,408,12,Larry Fitzgerald,FA,WR138,-,-,-,WR
408,409,12,Jacob Harris,LAR,TE55,11,2,-,TE
409,410,12,Ihmir Smith-Marsette,MIN,WR139,7,3,-,WR
410,411,12,Tucker McCann,TEN,K36,13,2,-34,K3
411,412,12,Danny Amendola,FA,WR140,-,-,-,WR
412,413,12,Davis Mills,HOU,QB41,10,4,-,QB
413,414,12,Foster Moreau,LV,TE56,8,4,-,TE
414,415,12,Albert Wilson,MIA,WR141,14,3,-31,WR
415,416,12,Geoff Swaim,TEN,TE57,13,2,-,TE
416,417,12,Cam Sims,WAS,WR142,9,3,-54,WR
417,418,12,Khalil Herbert,CHI,RB110,10,3,-,RB
418,419,12,Dare Ogunbowale,JAC,RB111,7,4,-,RB
419,420,12,Darwin Thompson,KC,RB112,12,4,-,RB
420,421,12,Sam Ficken,TEN,K37,13,2,-131,K3
421,422,12,Kyle Juszczyk,SF,RB113,6,3,-,RB
422,423,12,Willie Snead IV,LV,WR143,8,1,-,WR
423,424,12,Alex Collins,SEA,RB114,9,1,-,RB
424,425,12,Taylor Heinicke,WAS,QB42,9,4,-,QB
425,426,12,Gardner Minshew II,JAC,QB43,7,4,-,QB
426,427,12,Devin Funchess,GB,WR144,13,1,-89,WR
427,428,12,Jace Sternberger,GB,TE58,13,3,-,TE
428,429,12,Kylen Granson,IND,TE59,14,4,-,TE
429,430,12,Damiere Byrd,CHI,WR145,10,3,-63,WR
430,431,12,Gerrid Doaks,MIA,RB115,14,4,-,RB
431,432,12,Cedrick Wilson,DAL,WR146,7,1,-,WR
432,433,12,Bryce Love,FA,RB116,-,-,-,RB
433,434,12,Nick Boyle,BAL,TE60,8,4,-,TE
434,435,12,Trayveon Williams,CIN,RB117,10,3,-,RB
435,436,12,Kahale Warring,NE,TE61,14,5,-,TE
436,437,12,Mohamed Sanu,SF,WR147,6,5,-,WR
437,438,12,Darren Fells,DET,TE62,9,4,-,TE
438,439,12,Ryan Griffin,NYJ,TE63,6,3,-,TE
439,440,12,Hunter Long,MIA,TE64,14,4,-,TE
440,441,12,Dazz Newsome,CHI,WR148,10,3,-63,WR
441,442,12,Anthony Schwartz,CLE,WR149,13,1,-68,WR
442,443,12,Isaiah McKenzie,BUF,WR150,7,3,-,WR
443,444,12,Richie James Jr.,SF,WR151,6,5,-,WR
444,445,12,Mitchell Trubisky,BUF,QB44,7,1,-55,QB
445,446,12,Freddie Swain,SEA,WR152,9,1,-,WR
446,447,12,Alshon Jeffery,FA,WR153,-,-,-,WR
447,448,12,Ty Montgomery,NO,RB118,6,2,-73,RB
448,449,12,Chad Beebe,MIN,WR154,7,3,-56,WR
449,450,12,Tommy Tremble,CAR,TE65,13,4,-,TE
450,451,12,Kelvin Harmon,WAS,WR155,9,3,-,WR
451,452,12,Juwan Johnson,NO,WR156,6,4,-,WR
452,453,12,Marcus Mariota,LV,QB45,8,3,-102,QB
453,454,12,Devine Ozigbo,JAC,RB119,7,4,-,RB
454,455,12,Noah Gray,KC,TE66,12,3,-,TE
455,456,12,Frank Darby,ATL,WR157,6,4,-,WR
456,457,12,Kene Nwangwu,MIN,RB120,7,3,-,RB
457,458,12,Lil'Jordan Humphrey,NO,WR158,6,4,-,WR
458,459,12,Jeremy McNichols,TEN,RB121,13,3,-,RB
459,460,13,Nick Vannett,NO,TE67,6,4,-,TE
460,461,13,Marquise Goodwin,CHI,WR159,10,3,-111,WR
461,462,13,Equanimeous St. Brown,GB,WR160,13,1,-,WR
462,463,13,Tre' McKitty,LAC,TE68,7,3,-,TE
463,464,13,Brycen Hopkins,LAR,TE69,11,2,-,TE
464,465,13,Devonta Freeman,NO,RB122,6,2,-,RB
465,466,13,Simi Fehoko,DAL,WR161,7,1,-,WR
466,467,13,Richard Rodgers,PHI,TE70,14,3,-,TE
467,468,13,Braxton Berrios,NYJ,WR162,6,4,-,WR
468,469,13,D'Ernest Johnson,CLE,RB123,13,4,-,RB
469,470,13,Trey Burton,FA,TE71,-,-,-,TE
470,471,13,Patrick Ricard,BAL,RB124,8,4,-,RB
471,472,13,Chris Manhertz,JAC,TE72,7,4,-,TE
472,473,13,Tim Tebow,JAC,TE73,7,4,-212,TE
473,474,13,Adam Shaheen,MIA,TE74,14,4,-,TE
474,475,13,John Hightower,PHI,WR163,14,3,-,WR
475,476,13,Travis Homer,SEA,RB125,9,1,-,RB
476,477,13,Chase McLaughlin,CLE,K38,13,2,-,K3
477,478,13,J.J. Arcega-Whiteside,PHI,WR164,14,3,-,WR
478,479,13,Ross Dwelley,SF,TE75,6,4,-,TE
479,480,13,Raymond Calais,LAR,RB126,11,4,-,RB
480,481,13,Johnny Mundt,LAR,TE76,11,2,-,TE
481,482,13,Blake Bell,KC,TE77,12,3,-,TE
482,483,13,Pharaoh Brown,HOU,TE78,10,4,-,TE
483,484,13,Darrell Daniels,ARI,TE79,12,2,-,TE
484,485,13,Demetric Felton,CLE,WR165,13,1,-113,WR
485,486,13,Durham Smythe,MIA,TE80,14,4,-,TE
486,487,13,Frank Gore,FA,RB127,-,-,-,RB
487,488,13,Jakeem Grant Sr.,MIA,WR166,14,3,-,WR
488,489,13,Seth Williams,DEN,WR167,11,4,-,WR
489,490,13,Marcedes Lewis,GB,TE81,13,3,-,TE
490,491,13,Keith Smith,ATL,RB128,6,2,-,RB
491,492,13,D'Onta Foreman,ATL,RB129,6,2,-161,RB
492,493,13,Christian Blake,ATL,WR168,6,4,-,WR
493,494,13,Josh Oliver,BAL,TE82,8,4,-,TE
494,495,13,Alec Ingold,LV,RB130,8,2,-,RB
495,496,13,Cade Johnson,SEA,WR169,9,1,-,WR
496,497,13,Kalif Raymond,DET,WR170,9,1,-,WR
497,498,13,Cameron Batson,TEN,WR171,13,3,-,WR
498,499,13,Sage Surratt,DET,WR172,9,1,-,WR
499,500,13,Marquez Stevenson,BUF,WR173,7,3,-,WR
500,501,13,Phillip Dorsett II,JAC,WR174,7,5,-,WR
501,502,13,Gunner Olszewski,NE,WR175,14,4,-,WR
502,503,13,Javon Wims,CHI,WR176,10,3,-,WR
503,504,13,C.J. Ham,MIN,RB131,7,3,-,RB
504,505,13,Zay Jones,LV,WR177,8,1,-,WR
505,506,13,J.J. Taylor,NE,RB132,14,3,-,RB
506,507,13,Michael Burton,KC,RB133,12,4,-,RB
507,508,13,Jakob Johnson,NE,RB134,14,3,-,RB
508,509,13,Kenny Stills,BUF,WR178,7,3,-,WR
509,510,13,Ray-Ray McCloud,PIT,WR179,7,2,-,WR
510,511,13,Jaylen Samuels,PIT,RB135,7,5,-,RB
511,512,13,Ryan Izzo,HOU,TE83,10,4,-,TE
512,513,13,Antonio Callaway,KC,WR180,12,3,-,WR
513,514,13,Hunter Bryant,DET,TE84,9,4,-,TE
514,515,13,Ameer Abdullah,MIN,RB136,7,3,-180,RB
515,516,13,Mike Strachan,IND,WR181,14,5,-,WR
516,517,13,John Bates,WAS,TE85,9,3,-,TE
517,518,13,Lee Smith,ATL,TE86,6,2,-,TE
518,519,13,Kaden Smith,NYG,TE87,10,3,-,TE
519,520,13,Derek Carrier,LV,TE88,8,4,-,TE
520,521,13,Sam Ehlinger,IND,QB46,14,4,-,QB
521,522,13,Phillip Walker,CAR,QB47,13,4,-,QB
522,523,13,Kenny Yeboah,NYJ,TE89,6,3,-,TE
523,524,13,Alex Armah,NO,RB137,6,2,-,RB
524,525,13,Jonathan Ward,ARI,RB138,12,3,-,RB
525,526,13,Tommy Sweeney,BUF,TE90,7,2,-,TE
526,527,13,Corey Clement,NYG,RB139,10,2,-145,RB
527,528,13,Andrew Jacas,SF,K39,6,4,-,K3
528,529,13,KeeSean Johnson,ARI,WR182,12,2,-,WR
529,530,13,Devin Asiasi,NE,TE91,14,5,-,TE
530,531,13,Jaeden Graham,ATL,TE92,6,2,-,TE
531,532,13,Dedrick Mills,DET,RB140,9,0,-,RB
532,533,13,Jamal Agnew,JAC,WR183,7,5,-,WR
533,534,13,Antony Auclair,HOU,TE93,10,4,-,TE
534,535,13,Trenton Cannon,CAR,RB141,13,2,-,RB
535,536,13,Trent Sherfield,SF,WR184,6,5,-,WR
536,537,13,K.J. Osborn,MIN,WR185,7,3,-,WR
537,538,13,Jaelon Darden,TB,WR186,9,2,-,WR
538,539,13,Khari Blasingame,TEN,RB142,13,3,-,RB
539,540,13,Aldrick Rosas,NO,K40,6,4,-,K4
540,541,13,Alex Erickson,HOU,WR187,10,3,-,WR
541,542,13,Tajae Sharpe,ATL,WR188,6,4,-,WR
542,543,13,LeSean McCoy,FA,RB143,-,-,-,RB
543,544,13,Ashton Dulin,IND,WR189,14,5,-,WR
544,545,13,Stephen Anderson,LAC,TE94,7,3,-198,TE
545,546,13,Jauan Jennings,SF,WR190,6,5,-,WR
546,547,13,Farrod Green,IND,TE95,14,4,-,TE
547,548,13,Theo Riddick,LV,RB144,8,2,-,RB
548,549,13,Garrett Gilbert,DAL,QB48,7,2,-,QB
549,550,13,Riley Ridley,CHI,WR191,10,3,-,WR
550,551,13,Jared Pinkney,TEN,TE96,13,2,-,TE
551,552,13,Ben Skowronek,LAR,WR192,11,5,-,WR
552,553,13,Quinn Nordin,NE,K41,14,4,-,K4
553,554,13,Jeremy Sprinkle,DAL,TE97,7,2,-,TE
554,555,13,Chris Hogan,NO,WR193,6,4,-,WR
555,556,13,Luke Farrell,JAC,TE98,7,4,-,TE
556,557,13,Zach Davidson,MIN,TE99,7,2,-,TE
557,558,13,Garrett Griffin,NO,TE100,6,4,-,TE
558,559,13,K.J. Hill Jr.,LAC,WR194,7,3,-,WR
559,560,13,Kawaan Baker,NO,WR195,6,4,-,WR
560,561,13,Isaiah Coulter,CHI,WR196,10,3,-,WR
561,562,13,Otis Anderson Jr.,LAR,RB145,11,4,-,RB
562,563,13,Brandon Bolden,NE,RB146,14,3,-,RB
563,564,13,Dalton Keene,NE,TE101,14,5,-,TE
564,565,14,Andre Roberts,HOU,WR197,10,3,-,WR
565,566,14,Antonio Williams,BUF,RB147,7,3,-,RB
566,567,14,KhaDarel Hodge,CLE,WR198,13,1,-,WR
567,568,14,Sammis Reyes,WAS,TE102,9,3,-,TE
568,569,14,Diontae Spencer,DEN,WR199,11,4,-,WR
569,570,14,Mike Thomas,CIN,WR200,10,2,-,WR
570,571,14,Ricky Seals-Jones,WAS,TE103,9,3,-,TE
571,572,14,Jordan Thomas,IND,TE104,14,4,-,TE
572,573,14,Brandon Powell,BUF,WR201,7,3,-,WR
573,574,14,Joe Reed,LAC,WR202,7,3,-,WR
574,575,14,James Proche,BAL,WR203,8,2,-,WR
575,576,14,Reggie Gilliam,BUF,RB148,7,3,-,RB
576,577,14,JaMycal Hasty,SF,RB149,6,3,-,RB
577,578,14,Zach Gentry,PIT,TE105,7,5,-,TE
578,579,14,C.J. Board,NYG,WR204,10,3,-,WR
579,580,14,Chester Rogers,TEN,WR205,13,3,-,WR
580,581,14,Kellen Mond,MIN,QB49,7,3,-,QB
581,582,14,Marvin Hall,NE,WR206,14,4,-,WR
582,583,14,Marcus Kemp,KC,WR207,12,3,-,WR
583,584,14,Penny Hart,SEA,WR208,9,1,-,WR
584,585,14,MyCole Pruitt,SF,TE106,6,4,-,TE
585,586,14,Charlie Woerner,SF,TE107,6,4,-,TE
586,587,14,Ross Travis,ARI,TE108,12,2,-,TE
587,588,14,Pharoh Cooper,JAC,WR209,7,5,-,WR
588,589,14,Justin Watson,TB,WR210,9,2,-,WR
589,590,14,Trishton Jackson,LAR,WR211,11,5,-,WR
590,591,14,Kendall Blanton,LAR,TE109,11,2,-,TE
591,592,14,Ben Mason,BAL,RB150,8,4,-,RB
592,593,14,Connor Wedington,SEA,WR212,9,1,-,WR
593,594,14,Damion Ratley,DET,WR213,9,1,-,WR
594,595,14,Cethan Carter,MIA,TE110,14,4,-,TE
595,596,14,Aaron Fuller,SEA,WR214,9,1,-,WR
596,597,14,Colby Parkinson,SEA,TE111,9,1,-,TE
597,598,14,Geronimo Allison,DET,WR215,9,1,-,WR
598,599,14,Andy Janovich,CLE,RB151,13,4,-,RB
599,600,14,Chris Moore,HOU,WR216,10,3,-,WR
600,601,14,Cody Thompson,SEA,WR217,9,1,-,WR
601,602,14,Chris Naggar,NYJ,K42,6,5,-,K4
602,603,14,Eric Saubert,DEN,TE112,11,4,-,TE
603,604,14,Racey McMath,TEN,WR218,13,3,-,WR
604,605,14,Brandon Dillon,MIN,TE113,7,2,-,TE
605,606,14,Nick Keizer,KC,TE114,12,3,-,TE
606,607,14,Daurice Fountain,KC,WR219,12,3,-,WR
607,608,14,Matt Bushman,LV,TE115,8,4,-,TE
608,609,14,Josiah Deguara,GB,TE116,13,3,-,TE
609,610,14,Alex Ellis,LV,TE117,8,4,-,TE
610,611,14,Nick Bowers,LV,TE118,8,4,-,TE
611,612,14,Shi Smith,CAR,WR220,13,5,-248,WR
612,613,14,Noah Brown,DAL,WR221,7,1,-,WR
613,614,14,Devin Smith,NE,WR222,14,4,-234,WR
614,615,14,Dalton Schoen,KC,WR223,12,3,-,WR
615,616,14,Isaiah Zuber,NE,WR224,14,4,-,WR
616,617,14,Pooka Williams Jr.,CIN,RB152,10,3,-345,RB
617,618,14,Dontrell Hilliard,HOU,RB153,10,4,-,RB
618,619,14,Taywan Taylor,HOU,WR225,10,3,-,WR
619,620,14,Ben Ellefson,JAC,TE119,7,4,-,TE
620,621,14,Maurice Ffrench,KC,WR226,12,3,-,WR
621,622,14,Travis Benjamin,SF,WR227,6,5,-,WR
622,623,14,Dax Milne,WAS,WR228,9,3,-,WR
623,624,14,Kyle Trask,TB,QB50,9,2,-,QB
624,625,14,Isaiah Wright,WAS,WR229,9,3,-,WR
625,626,14,Kevin White,NO,WR230,6,4,-,WR
626,627,14,Marcus Johnson,TEN,WR231,13,3,-,WR
627,628,14,J.J. Koski,LAR,WR232,11,5,-,WR
628,629,14,T.J. Yeldon,FA,RB154,-,-,-,RB
629,630,14,Alize Mack,DET,TE120,9,4,-,TE
630,631,14,Antonio Nunn,ATL,WR233,6,4,-,WR
631,632,14,Chris Rowland,ATL,WR234,6,4,-,WR
632,633,14,Jeremiah Haydel,LAR,WR235,11,5,-,WR
633,634,14,Juwan Green,ATL,WR236,6,4,-,WR
634,635,14,DaeSean Hamilton,DEN,WR237,11,4,-,WR
635,636,14,Stephen Sullivan,CAR,TE121,13,4,-,TE
636,637,14,Austin Trammell,ATL,WR238,6,4,-,WR
637,638,14,Rico Dowdle,DAL,RB155,7,2,-,RB
638,639,14,Brock Wright,DET,TE122,9,4,-,TE
639,640,14,Whop Philyor,MIN,WR239,7,3,-,WR
640,641,14,Dan Chisena,MIN,WR240,7,3,-,WR
641,642,14,Myron Mitchell,MIN,WR241,7,3,-,WR
642,643,14,Patrick Laird,MIA,RB156,14,4,-,RB
643,644,14,Austin Proehl,LAC,WR242,7,3,-,WR
644,645,14,Austin Fort,DEN,TE123,11,4,-,TE
645,646,14,Thaddeus Moss,CIN,TE124,10,2,-,TE
646,647,14,Lamar Miller,WAS,RB157,9,3,-,RB
647,648,14,Mitchell Wilcox,CIN,TE125,10,2,-,TE
648,649,14,Rodney Smith,CAR,RB158,13,2,-,RB
649,650,14,John Hurst,LAC,WR243,7,3,-,WR
650,651,14,Reggie Bonnafon,CAR,RB159,13,2,-,RB
651,652,14,Easop Winston Jr.,NO,WR244,6,4,-265,WR
652,653,14,Chad Henne,KC,QB51,12,4,-,QB
653,654,14,Gary Brightwell,NYG,RB160,10,2,-,RB
654,655,14,Shane Zylstra,MIN,TE126,7,2,-,TE
655,656,14,Jacques Patrick,CIN,RB161,10,3,-,RB
656,657,14,Mason Schreck,CIN,TE127,10,2,-,TE
657,658,14,Trenton Irwin,CIN,WR245,10,2,-,WR
658,659,14,Blake Proehl,MIN,WR246,7,3,-,WR
659,660,14,Trent Taylor,CIN,WR247,10,2,-,WR
660,661,14,Trevon Wesco,NYJ,TE128,6,3,-,TE
661,662,14,Tyler Mabry,SEA,TE129,9,1,-,TE
662,663,14,J.P. Holtz,CHI,TE130,10,1,-,TE
663,664,14,Ethan Wolf,NO,TE131,6,4,-,TE
664,665,14,Chad Williams,KC,WR248,12,3,-,WR
665,666,14,Marcell Ateman,LV,WR249,8,1,-,WR
666,667,14,Temarrick Hemingway,WAS,TE132,9,3,-,TE
667,668,14,Caleb Huntley,ATL,RB162,6,2,-,RB
668,669,14,Jacoby Brissett,MIA,QB52,14,4,-,QB
669,670,14,Jordan Franks,CLE,TE133,13,2,-,TE
670,671,14,Lawrence Cager,NYJ,WR250,6,4,-,WR
671,672,14,Deon Cain,BAL,WR251,8,2,-,WR
672,673,14,Jason Moore,LAC,WR252,7,3,-,WR
673,674,14,Johnny Stanton,CLE,RB163,13,4,-,RB
674,675,14,DeAndre Carter,WAS,WR253,9,3,-,WR
675,676,14,Kevin Rader,PIT,TE134,7,5,-,TE
676,677,14,Daniel Brown,NYJ,TE135,6,3,-,TE
677,678,14,Tony Poljan,BAL,TE136,8,4,-,TE
678,679,14,Malik Turner,DAL,WR254,7,1,-,WR
679,680,14,Mike Glennon,NYG,QB53,10,4,-,QB
680,681,14,Kendall Hinton,DEN,WR255,11,4,-,WR
681,682,14,Tyrone Swoopes,WAS,TE137,9,3,-,TE
682,683,14,Jack Stoll,PHI,TE138,14,3,-,TE
683,684,14,John Raine,ATL,TE139,6,2,-,TE
684,685,14,Tony Brooks-James,PIT,RB164,7,5,-,RB
685,686,15,Colin Thompson,CAR,TE140,13,4,-,TE
686,687,15,Mekhi Sargent,TEN,RB165,13,3,-,RB
687,688,15,Fred Brown,TEN,WR256,13,3,-,WR
688,689,15,Derek Watt,PIT,RB166,7,5,-,RB
689,690,15,J.J. Nelson,IND,WR257,14,5,-,WR
690,691,15,Chase Daniel,LAC,QB54,7,2,-,QB
691,692,15,Giovanni Ricci,CAR,TE141,13,4,-,TE
692,693,15,Dominique Dafney,GB,TE142,13,3,-,TE
693,694,15,T.J. Vasher,DAL,WR258,7,1,-,WR
694,695,15,DJ Turner,LV,WR259,8,1,-,WR
695,696,15,Jalen Camp,JAC,WR260,7,5,-,WR
696,697,15,Jarrett Stidham,NE,QB55,14,5,-,QB
697,698,15,Dillon Stoner,LV,WR261,8,1,-,WR
698,699,15,Brandon Smith,DAL,WR262,7,1,-,WR
699,700,15,Aaron Parker,DAL,WR263,7,1,-,WR
700,701,15,Osirus Mitchell,DAL,WR264,7,1,-,WR
701,702,15,Johnnie Dixon,DAL,WR265,7,1,-,WR
702,703,15,Keelan Doss,LV,WR266,8,1,-,WR
703,704,15,Jaylon Moore,BAL,WR267,8,2,-,WR
704,705,15,Stephen Guidry,DAL,WR268,7,1,-,WR
705,706,15,Tre Nixon,NE,WR269,14,4,-,WR
706,707,15,Dante Pettis,NYG,WR270,10,3,-,WR
707,708,15,Malcolm Perry,MIA,WR271,14,3,-,WR
708,709,15,Devin Gray,BAL,WR272,8,2,-,WR
709,710,15,Nate Becker,BUF,TE143,7,2,-,TE
710,711,15,Brandon Allen,CIN,QB56,10,2,-,QB
711,712,15,Brandon Zylstra,CAR,WR273,13,5,-,WR
712,713,15,Mason Rudolph,PIT,QB57,7,4,-,QB
713,714,15,Dwayne Haskins,PIT,QB58,7,4,-,QB
714,715,15,Tyrie Cleveland,DEN,WR274,11,4,-,WR
715,716,15,Isaiah Hodgins,BUF,WR275,7,3,-,WR
716,717,15,Andre Baccellia,ARI,WR276,12,2,-,WR
717,718,15,A.J. Richardson,ARI,WR277,12,2,-,WR
718,719,15,Noah Togiai,IND,TE144,14,4,-,TE
719,720,15,Antoine Wesley,ARI,WR278,12,2,-,WR
720,721,15,Jeff Smith,NYJ,WR279,6,4,-,WR
721,722,15,Jesper Horsted,CHI,TE145,10,1,-,TE
722,723,15,Joe Flacco,PHI,QB59,14,4,-,QB
723,724,15,Lance Lenoir Jr.,BUF,WR280,7,3,-,WR
724,725,15,Tanner Gentry,BUF,WR281,7,3,-,WR
725,726,15,Anthony Johnson,PIT,WR282,7,2,-,WR
726,727,15,Colt McCoy,ARI,QB60,12,2,-,QB
727,728,15,John Wolford,LAR,QB61,11,4,-,QB
728,729,15,Case Keenum,CLE,QB62,13,3,-,QB
729,730,15,Jake Kumerow,BUF,WR283,7,3,-,WR
730,731,15,Jaydon Mickens,TB,WR284,9,2,-,WR
731,732,15,Trace McSorley,BAL,QB63,8,2,-,QB
732,733,15,Scooter Harrington,CHI,TE146,10,1,-,TE
733,734,15,James Morgan,NYJ,QB64,6,3,-,QB
734,735,15,Josh Malone,NYJ,WR285,6,4,-,WR
735,736,15,Mason Kinsey,TEN,WR286,13,3,-,WR
736,737,15,Matt LaCosse,NE,TE147,14,5,-,TE
737,738,15,Josh Adams,NYJ,RB167,6,4,-,RB
738,739,15,Nick Westbrook-Ikhine,TEN,WR287,13,3,-,WR
739,740,15,Cody White,PIT,WR288,7,2,-,WR
740,741,15,Tanner Hudson,TB,TE148,9,3,-,TE
741,742,15,Josh Hammond,JAC,WR289,7,5,-,WR
742,743,15,Rico Bussey,PIT,WR290,7,2,-,WR
743,744,15,River Cracraft,SF,WR291,6,5,-,WR
744,745,15,Tyler Simmons,PIT,WR292,7,2,-,WR
745,746,15,Branden Mack,DEN,WR293,11,4,-,WR
746,747,15,Victor Bolden Jr.,DET,WR294,9,1,-,WR
747,748,15,Juwann Winfree,GB,WR295,13,1,-,WR
748,749,15,Nick Eubanks,DAL,TE149,7,2,-,TE
749,750,15,Trinity Benson,DEN,WR296,11,4,-,WR
750,751,15,Reggie Begelton,GB,WR297,13,1,-,WR
751,752,15,Dezmon Patmon,IND,WR298,14,5,-,WR
752,753,15,Malik Taylor,GB,WR299,13,1,-,WR
753,754,15,Nakia Griffin-Stewart,NYG,TE150,10,3,-,TE
754,755,15,Rodney Adams,CHI,WR300,10,3,-,WR
755,756,15,Tyler Vaughns,IND,WR301,14,5,-,WR
756,757,15,Chris Lacy,CHI,WR302,10,3,-,WR
757,758,15,Tarik Black,IND,WR303,14,5,-,WR
758,759,15,Tom Kennedy,DET,WR304,9,1,-,WR
759,760,15,Artayvious Lynn,DAL,TE151,7,2,-,TE
760,761,15,Cole Hikutini,NYG,TE152,10,3,-,TE
761,762,15,Sean McKeon,DAL,TE153,7,2,-,TE
762,763,15,Javon McKinley,DET,WR305,9,1,-,WR
763,764,15,Mack Hollins,MIA,WR306,14,3,-,WR
764,765,15,Trey Ragas,LV,RB168,8,2,-,RB
765,766,15,Scotty Washington,CIN,WR307,10,2,-,WR
766,767,15,Chris Myarick,MIA,TE154,14,4,-,TE
767,768,15,Hunter Kampmoyer,LAC,TE155,7,3,-,TE
768,769,15,Kabion Ento,GB,WR308,13,1,-,WR
769,770,15,Chris Blair,GB,WR309,13,1,-,WR
770,771,15,Feleipe Franks,ATL,QB65,6,3,-,QB
771,772,15,DeMichael Harris,IND,WR310,14,5,-,WR
772,773,15,Easton Stick,LAC,QB66,7,2,-,QB
773,774,16,Nick Foles,CHI,QB67,10,2,-,QB
774,775,16,Shaun Beyer,DEN,TE156,11,4,-,TE
775,776,16,Travis Jonsen,TB,WR311,9,2,-,WR
776,777,16,Stanley Morgan Jr.,CIN,WR312,10,2,-,WR
777,778,16,D.J. Montgomery,NYJ,WR313,6,4,-,WR
778,779,16,Manasseh Bailey,NYJ,WR314,6,4,-,WR
779,780,16,Cyril Grayson Jr.,TB,WR315,9,2,-,WR
780,781,16,Kristian Wilkerson,NE,WR316,14,4,-,WR
781,782,16,Vyncint Smith,NYJ,WR317,6,4,-,WR
782,783,16,David Sills V,NYG,WR318,10,3,-,WR
783,784,16,C.J. Saunders,CAR,WR319,13,5,-,WR
784,785,16,Ishmael Hyman,CAR,WR320,13,5,-,WR
785,786,16,Omar Bayless,CAR,WR321,13,5,-,WR
786,787,16,Austin Mack,NYG,WR322,10,3,-,WR
787,788,16,Keith Kirkwood,CAR,WR323,13,5,-,WR
788,789,16,Matthew Slater,NE,WR324,14,4,-,WR
789,790,16,Kyle Allen,WAS,QB68,9,4,-,QB
790,791,16,Alex Bachman,NYG,WR325,10,3,-,WR
