"RK",TIERS,"PLAYER NAME",TEAM,"POS","BYE WEEK","SOS SEASON","ECR VS. ADP"
"1",1,"Christian McCaffrey",CAR,"RB1","13","2 out of 5 stars","0"
"2",1,"Dalvin Cook",MIN,"RB2","7","3 out of 5 stars","0"
"3",1,"Alvin Kamara",NO,"RB3","6","2 out of 5 stars","+1"
"4",1,"Derrick Henry",TEN,"RB4","13","3 out of 5 stars","-1"
"5",1,"Ezekiel Elliott",DAL,"RB5","7","2 out of 5 stars","0"
"6",1,"Aaron Jones",GB,"RB6","13","0 out of 5 stars","+2"
"7",1,"Davante Adams",GB,"WR1","13","1 out of 5 stars","+3"
"8",2,"Saquon Barkley",NYG,"RB7","10","2 out of 5 stars","-1"
"9",2,"Tyreek Hill",KC,"WR2","12","3 out of 5 stars","+2"
"10",2,"Nick Chubb",CLE,"RB8","13","4 out of 5 stars","-4"
"11",2,"Stefon Diggs",BUF,"WR3","7","3 out of 5 stars","+3"
"12",2,"Jonathan Taylor",IND,"RB9","14","4 out of 5 stars","-3"
"13",2,"Austin Ekeler",LAC,"RB10","7","4 out of 5 stars","0"
"14",2,"Travis Kelce",KC,"TE1","12","3 out of 5 stars","-2"
"15",2,"Calvin Ridley",ATL,"WR4","6","4 out of 5 stars","+6"
"16",2,"DeAndre Hopkins",ARI,"WR5","12","2 out of 5 stars","+1"
"17",2,"Antonio Gibson",WAS,"RB11","9","3 out of 5 stars","-1"
"18",2,"D.K. Metcalf",SEA,"WR6","9","1 out of 5 stars","+1"
"19",2,"Joe Mixon",CIN,"RB12","10","3 out of 5 stars","+1"
"20",2,"Najee Harris",PIT,"RB13","7","5 out of 5 stars","-5"
"21",3,"A.J. Brown",TEN,"WR7","13","3 out of 5 stars","+3"
"22",3,"Justin Jefferson",MIN,"WR8","7","3 out of 5 stars","+1"
"23",3,"Keenan Allen",LAC,"WR9","7","3 out of 5 stars","+5"
"24",3,"Darren Waller",LV,"TE2","8","4 out of 5 stars","+1"
"25",3,"Clyde Edwards-Helaire",KC,"RB14","12","4 out of 5 stars","-3"
"26",3,"Allen Robinson II",CHI,"WR10","10","3 out of 5 stars","+8"
"27",3,"Terry McLaurin",WAS,"WR11","9","3 out of 5 stars","+4"
"28",3,"Patrick Mahomes II",KC,"QB1","12","4 out of 5 stars","-10"
"29",3,"CeeDee Lamb",DAL,"WR12","7","1 out of 5 stars","+7"
"30",3,"J.K. Dobbins",BAL,"RB15","8","4 out of 5 stars","-4"
"31",3,"Chris Carson",SEA,"RB16","9","1 out of 5 stars","-1"
"32",3,"David Montgomery",CHI,"RB17","10","3 out of 5 stars","-3"
"33",3,"D'Andre Swift",DET,"RB18","9","0 out of 5 stars","0"
"34",3,"George Kittle",SF,"TE3","6","4 out of 5 stars","-7"
"35",4,"Mike Evans",TB,"WR13","9","2 out of 5 stars","+2"
"36",4,"Robert Woods",LAR,"WR14","11","5 out of 5 stars","+6"
"37",4,"Chris Godwin",TB,"WR15","9","2 out of 5 stars","+3"
"38",4,"Amari Cooper",DAL,"WR16","7","1 out of 5 stars","+5"
"39",4,"James Robinson",JAC,"RB19","7","4 out of 5 stars","+19"
"40",4,"Darrell Henderson",LAR,"RB20","11","4 out of 5 stars","+5"
"41",4,"Miles Sanders",PHI,"RB21","14","3 out of 5 stars","-3"
"42",4,"Josh Allen",BUF,"QB2","7","1 out of 5 stars","-7"
"43",4,"Julio Jones",TEN,"WR17","13","3 out of 5 stars","-2"
"44",4,"D.J. Moore",CAR,"WR18","13","5 out of 5 stars","+10"
"45",4,"Cooper Kupp",LAR,"WR19","11","5 out of 5 stars","+3"
"46",4,"Josh Jacobs",LV,"RB22","8","2 out of 5 stars","-14"
"47",4,"Tyler Lockett",SEA,"WR20","9","1 out of 5 stars","+5"
"48",4,"Mike Davis",ATL,"RB23","6","2 out of 5 stars","+9"
"49",4,"Diontae Johnson",PIT,"WR21","7","2 out of 5 stars","+7"
"50",4,"Kareem Hunt",CLE,"RB24","13","4 out of 5 stars","0"
"51",4,"Adam Thielen",MIN,"WR22","7","3 out of 5 stars","-2"
"52",4,"Myles Gaskin",MIA,"RB25","14","4 out of 5 stars","-5"
"53",4,"Kyler Murray",ARI,"QB3","12","2 out of 5 stars","-14"
"54",4,"Mark Andrews",BAL,"TE4","8","4 out of 5 stars","-3"
"55",4,"T.J. Hockenson",DET,"TE5","9","4 out of 5 stars","-2"
"56",4,"Kyle Pitts",ATL,"TE6","6","2 out of 5 stars","-10"
"57",4,"Lamar Jackson",BAL,"QB4","8","2 out of 5 stars","-13"
"58",5,"Brandon Aiyuk",SF,"WR23","6","5 out of 5 stars","+3"
"59",5,"Tee Higgins",CIN,"WR24","10","2 out of 5 stars","+11"
"60",5,"Javonte Williams",DEN,"RB26","11","5 out of 5 stars","+5"
"61",5,"Dak Prescott",DAL,"QB5","7","2 out of 5 stars","-6"
"62",5,"Chase Edmonds",ARI,"RB27","12","3 out of 5 stars","0"
"63",5,"Damien Harris",NE,"RB28","14","3 out of 5 stars","+10"
"64",5,"Kenny Golladay",NYG,"WR25","10","3 out of 5 stars","0"
"65",5,"Odell Beckham Jr.",CLE,"WR26","13","1 out of 5 stars","+3"
"66",5,"Russell Wilson",SEA,"QB6","9","0 out of 5 stars","-7"
"67",5,"Raheem Mostert",SF,"RB29","6","3 out of 5 stars","-1"
"68",5,"Chase Claypool",PIT,"WR27","7","2 out of 5 stars","+1"
"69",5,"Aaron Rodgers",GB,"QB7","13","2 out of 5 stars","-6"
"70",5,"Ja'Marr Chase",CIN,"WR28","10","2 out of 5 stars","-3"
"71",5,"Melvin Gordon III",DEN,"RB30","11","5 out of 5 stars","+4"
"72",5,"Ronald Jones II",TB,"RB31","9","0 out of 5 stars","-1"
"73",5,"Justin Herbert",LAC,"QB8","7","2 out of 5 stars","-13"
"74",5,"Trey Sermon",SF,"RB32","6","3 out of 5 stars","+10"
"75",5,"Michael Carter",NYJ,"RB33","6","4 out of 5 stars","+3"
"76",5,"Jerry Jeudy",DEN,"WR29","11","4 out of 5 stars","+6"
"77",5,"JuJu Smith-Schuster",PIT,"WR30","7","2 out of 5 stars","-1"
"78",5,"Courtland Sutton",DEN,"WR31","11","4 out of 5 stars","+1"
"79",5,"Robby Anderson",CAR,"WR32","13","5 out of 5 stars","+2"
"80",5,"Noah Fant",DEN,"TE7","11","4 out of 5 stars","-3"
"81",5,"Tyler Boyd",CIN,"WR33","10","2 out of 5 stars","+10"
"82",5,"James Conner",ARI,"RB34","12","3 out of 5 stars","+13"
"83",6,"Ryan Tannehill",TEN,"QB9","13","2 out of 5 stars","+10"
"84",6,"Zack Moss",BUF,"RB35","7","3 out of 5 stars","+8"
"85",6,"Logan Thomas",WAS,"TE8","9","3 out of 5 stars","+4"
"86",6,"Leonard Fournette",TB,"RB36","9","0 out of 5 stars","-6"
"87",6,"Brandin Cooks",HOU,"WR34","10","3 out of 5 stars","+11"
"88",6,"Deebo Samuel",SF,"WR35","6","5 out of 5 stars","-5"
"89",6,"Tom Brady",TB,"QB10","9","2 out of 5 stars","-15"
"90",6,"Dallas Goedert",PHI,"TE9","14","3 out of 5 stars","-2"
"91",6,"D.J. Chark Jr.",JAC,"WR36","7","5 out of 5 stars","-4"
"92",6,"Kenyan Drake",LV,"RB37","8","2 out of 5 stars","+8"
"93",6,"Matthew Stafford",LAR,"QB11","11","4 out of 5 stars","-3"
"94",6,"Robert Tonyan",GB,"TE10","13","3 out of 5 stars","+5"
"95",6,"Jalen Hurts",PHI,"QB12","14","4 out of 5 stars","-10"
"96",6,"Gus Edwards",BAL,"RB38","8","4 out of 5 stars","+12"
"97",6,"AJ Dillon",GB,"RB39","13","0 out of 5 stars","-3"
"98",6,"Will Fuller V",MIA,"WR37","14","3 out of 5 stars","+5"
"99",6,"David Johnson",HOU,"RB40","10","4 out of 5 stars","-2"
"100",6,"DeVonta Smith",PHI,"WR38","14","3 out of 5 stars","-14"
"101",6,"Tyler Higbee",LAR,"TE11","11","2 out of 5 stars","+4"
"102",6,"Antonio Brown",TB,"WR39","9","2 out of 5 stars","-6"
"103",6,"Jamaal Williams",DET,"RB41","9","0 out of 5 stars","+18"
"104",6,"Corey Davis",NYJ,"WR40","6","4 out of 5 stars","+13"
"105",6,"Devin Singletary",BUF,"RB42","7","3 out of 5 stars","+2"
"106",6,"Jarvis Landry",CLE,"WR41","13","1 out of 5 stars","-4"
"107",6,"Nyheim Hines",IND,"RB43","14","4 out of 5 stars","+18"
"108",6,"Joe Burrow",CIN,"QB13","10","2 out of 5 stars","-2"
"109",6,"Curtis Samuel",WAS,"WR42","9","3 out of 5 stars","+4"
"110",6,"Laviska Shenault Jr.",JAC,"WR43","7","5 out of 5 stars","+1"
"111",6,"Tony Pollard",DAL,"RB44","7","2 out of 5 stars","+9"
"112",6,"Mike Gesicki",MIA,"TE12","14","4 out of 5 stars","-2"
"113",6,"Mike Williams",LAC,"WR44","7","3 out of 5 stars","+2"
"114",6,"Michael Gallup",DAL,"WR45","7","1 out of 5 stars","+5"
"115",6,"Irv Smith Jr.",MIN,"TE13","7","2 out of 5 stars","+12"
"116",6,"Jonnu Smith",NE,"TE14","14","5 out of 5 stars","+34"
"117",6,"Michael Thomas",NO,"WR46","6","4 out of 5 stars","-45"
"118",6,"Phillip Lindsay",HOU,"RB45","10","4 out of 5 stars","+30"
"119",6,"Marvin Jones Jr.",JAC,"WR47","7","5 out of 5 stars","+17"
"120",7,"Latavius Murray",NO,"RB46","6","2 out of 5 stars","+17"
"121",7,"Evan Engram",NYG,"TE15","10","3 out of 5 stars","+34"
"122",7,"DeVante Parker",MIA,"WR48","14","3 out of 5 stars","+17"
"123",7,"Jaylen Waddle",MIA,"WR49","14","3 out of 5 stars","-9"
"124",7,"Michael Pittman Jr.",IND,"WR50","14","5 out of 5 stars","0"
"125",7,"Darnell Mooney",CHI,"WR51","10","3 out of 5 stars","+7"
"126",7,"Marquise Brown",BAL,"WR52","8","2 out of 5 stars","+3"
"127",7,"Matt Ryan",ATL,"QB14","6","3 out of 5 stars","+4"
"128",7,"James White",NE,"RB47","14","3 out of 5 stars","+39"
"129",7,"Trevor Lawrence",JAC,"QB15","7","4 out of 5 stars","-7"
"130",7,"Alexander Mattison",MIN,"RB48","7","3 out of 5 stars","+8"
"131",7,"J.D. McKissic",WAS,"RB49","9","3 out of 5 stars","+15"
"132",7,"Rob Gronkowski",TB,"TE16","9","3 out of 5 stars","-23"
"133",7,"Hunter Henry",NE,"TE17","14","5 out of 5 stars","+19"
"134",7,"Kirk Cousins",MIN,"QB16","7","3 out of 5 stars","+13"
"135",7,"Mecole Hardman",KC,"WR53","12","3 out of 5 stars","0"
"136",7,"T.Y. Hilton",IND,"WR54","14","5 out of 5 stars","+13"
"137",7,"Baker Mayfield",CLE,"QB17","13","3 out of 5 stars","-4"
"138",7,"Giovani Bernard",TB,"RB50","9","0 out of 5 stars","+30"
"139",7,"Russell Gage",ATL,"WR55","6","4 out of 5 stars","+18"
"140",7,"Tua Tagovailoa",MIA,"QB18","14","4 out of 5 stars","+14"
"141",7,"Gerald Everett",SEA,"TE18","9","1 out of 5 stars","+50"
"142",7,"Cole Beasley",BUF,"WR56","7","3 out of 5 stars","-2"
"143",7,"Henry Ruggs III",LV,"WR57","8","1 out of 5 stars","-15"
"144",7,"Jared Cook",LAC,"TE19","7","3 out of 5 stars","+38"
"145",7,"Cole Kmet",CHI,"TE20","10","1 out of 5 stars","+86"
"146",7,"Blake Jarwin",DAL,"TE21","7","2 out of 5 stars","+49"
"147",7,"Austin Hooper",CLE,"TE22","13","2 out of 5 stars","+80"
"148",7,"Tevin Coleman",NYJ,"RB51","6","4 out of 5 stars","+12"
"149",7,"Rashaad Penny",SEA,"RB52","9","1 out of 5 stars","+10"
"150",7,"Adam Trautman",NO,"TE23","6","4 out of 5 stars","+20"
"151",7,"Nelson Agholor",NE,"WR58","14","4 out of 5 stars","+24"
"152",7,"Elijah Moore",NYJ,"WR59","6","4 out of 5 stars","-9"
"153",7,"Ryan Fitzpatrick",WAS,"QB19","9","4 out of 5 stars","+19"
"154",7,"Sterling Shepard",NYG,"WR60","10","3 out of 5 stars","+38"
"155",7,"Justin Fields",CHI,"QB20","10","2 out of 5 stars","-10"
"156",7,"Jalen Reagor",PHI,"WR61","14","3 out of 5 stars","+25"
"157",7,"Ben Roethlisberger",PIT,"QB21","7","4 out of 5 stars","+4"
"158",8,"Tre'Quan Smith",NO,"WR62","6","4 out of 5 stars","+44"
"159",8,"Jakobi Meyers",NE,"WR63","14","4 out of 5 stars","+46"
"160",8,"Daniel Jones",NYG,"QB22","10","4 out of 5 stars","+72"
"161",8,"Rashod Bateman",BAL,"WR64","8","2 out of 5 stars","+8"
"162",8,"Derek Carr",LV,"QB23","8","3 out of 5 stars","+45"
"163",8,"Jamison Crowder",NYJ,"WR65","6","4 out of 5 stars","+26"
"164",8,"Los Angeles Rams",LAR,"DST1","11","3 out of 5 stars","-63"
"165",8,"Pittsburgh Steelers",PIT,"DST2","7","2 out of 5 stars","-61"
"166",8,"Anthony Firkser",TEN,"TE24","13","2 out of 5 stars","+48"
"167",8,"Eric Ebron",PIT,"TE25","7","5 out of 5 stars","+53"
"168",8,"Gabriel Davis",BUF,"WR66","7","3 out of 5 stars","+57"
"169",8,"Emmanuel Sanders",BUF,"WR67","7","3 out of 5 stars","+18"
"170",8,"Zach Ertz",PHI,"TE26","14","3 out of 5 stars","-14"
"171",8,"Baltimore Ravens",BAL,"DST3","8","2 out of 5 stars","-53"
"172",8,"Tarik Cohen",CHI,"RB53","10","3 out of 5 stars","+6"
"173",8,"Rondale Moore",ARI,"WR68","12","2 out of 5 stars","+17"
"174",8,"John Brown",LV,"WR69","8","1 out of 5 stars","+47"
"175",8,"Washington Football Team",WAS,"DST4","9","2 out of 5 stars","-63"
"176",8,"San Francisco 49ers",SF,"DST5","6","3 out of 5 stars","-46"
"177",8,"Tampa Bay Buccaneers",TB,"DST6","9","5 out of 5 stars","-61"
"178",8,"Justin Tucker",BAL,"K1","8","4 out of 5 stars","-55"
"179",8,"Trey Lance",SF,"QB24","6","5 out of 5 stars","-26"
"180",8,"Christian Kirk",ARI,"WR70","12","2 out of 5 stars","+42"
"181",8,"Malcolm Brown",MIA,"RB54","14","4 out of 5 stars","+37"
"182",8,"Parris Campbell",IND,"WR71","14","5 out of 5 stars","+65"
"183",8,"Zach Wilson",NYJ,"QB25","6","3 out of 5 stars","-3"
"184",8,"Harrison Butker",KC,"K2","12","2 out of 5 stars","-58"
"185",8,"Bryan Edwards",LV,"WR72","8","1 out of 5 stars","+21"
"186",8,"Indianapolis Colts",IND,"DST7","14","2 out of 5 stars","-45"
"187",8,"Younghoe Koo",ATL,"K3","6","3 out of 5 stars","-53"
"188",8,"Sam Darnold",CAR,"QB26","13","4 out of 5 stars","+45"
"189",8,"Darius Slayton",NYG,"WR73","10","3 out of 5 stars","+65"
"190",8,"New England Patriots",NE,"DST8","14","0 out of 5 stars","-16"
"191",8,"Breshad Perriman",DET,"WR74","9","1 out of 5 stars","+64"
"192",8,"Buffalo Bills",BUF,"DST9","7","3 out of 5 stars","-48"
"193",8,"Greg Zuerlein",DAL,"K4","7","4 out of 5 stars","-35"
"194",8,"Darrel Williams",KC,"RB55","12","4 out of 5 stars","-6"
"195",8,"Salvon Ahmed",MIA,"RB56","14","4 out of 5 stars","+22"
"196",8,"Randall Cobb",GB,"WR75","13","1 out of 5 stars","-13"
"197",8,"Marlon Mack",IND,"RB57","14","4 out of 5 stars","-34"
"198",8,"A.J. Green",ARI,"WR76","12","2 out of 5 stars","-19"
"199",8,"Darrynton Evans",TEN,"RB58","13","3 out of 5 stars","+31"
"200",8,"Kenneth Gainwell",PHI,"RB59","14","3 out of 5 stars","+3"
"201",8,"Carson Wentz",IND,"QB27","14","4 out of 5 stars","+12"
"202",8,"Amon-Ra St. Brown",DET,"WR77","9","1 out of 5 stars","-2"
"203",8,"Sammy Watkins",BAL,"WR78","8","2 out of 5 stars","+21"
"204",8,"New Orleans Saints",NO,"DST10","6","3 out of 5 stars","+37"
"205",8,"Jared Goff",DET,"QB28","9","1 out of 5 stars","+23"
"206",8,"Kansas City Chiefs",KC,"DST11","12","1 out of 5 stars","-20"
"207",8,"Terrace Marshall Jr.",CAR,"WR79","13","5 out of 5 stars","-10"
"208",9,"Allen Lazard",GB,"WR80","13","1 out of 5 stars","+32"
"209",9,"Damien Williams",CHI,"RB60","10","3 out of 5 stars","-16"
"210",9,"Jason Sanders",MIA,"K5","14","4 out of 5 stars","-59"
"211",9,"Sony Michel",NE,"RB61","14","3 out of 5 stars","-7"
"212",9,"Justin Jackson",LAC,"RB62","7","4 out of 5 stars","+36"
"213",9,"Denver Broncos",DEN,"DST12","11","2 out of 5 stars","-28"
"214",9,"Matt Prater",ARI,"K6","12","4 out of 5 stars","-6"
"215",9,"Chicago Bears",CHI,"DST13","10","2 out of 5 stars","+24"
"216",9,"Rodrigo Blankenship",IND,"K7","14","3 out of 5 stars","-52"
"217",9,"Jameis Winston",NO,"QB29","6","3 out of 5 stars","-1"
"218",9,"Hayden Hurst",ATL,"TE27","6","2 out of 5 stars","+17"
"219",9,"Miami Dolphins",MIA,"DST14","14","2 out of 5 stars","-25"
"220",9,"Los Angeles Chargers",LAC,"DST15","7","4 out of 5 stars","+78"
"221",9,"Cleveland Browns",CLE,"DST16","13","3 out of 5 stars","-50"
"222",9,"Marquez Valdes-Scantling",GB,"WR81","13","1 out of 5 stars","+58"
"223",9,"Robbie Gould",SF,"K8","6","4 out of 5 stars","-12"
"224",9,"Dawson Knox",BUF,"TE28","7","2 out of 5 stars","+21"
"225",9,"Carlos Hyde",JAC,"RB63","7","4 out of 5 stars","+103"
"226",9,"Tyrell Williams",DET,"WR82","9","1 out of 5 stars","+55"
"227",9,"Tyler Bass",BUF,"K9","7","3 out of 5 stars","-85"
"228",9,"Boston Scott",PHI,"RB64","14","3 out of 5 stars","+15"
"229",9,"Cam Newton",NE,"QB30","14","5 out of 5 stars","-31"
"230",9,"Jason Myers",SEA,"K10","9","4 out of 5 stars","-18"
"231",9,"Chuba Hubbard",CAR,"RB65","13","2 out of 5 stars","-69"
"232",9,"Ryan Succop",TB,"K11","9","2 out of 5 stars","-56"
"233",9,"Green Bay Packers",GB,"DST17","13","5 out of 5 stars","+20"
"234",9,"Joshua Kelley",LAC,"RB66","7","4 out of 5 stars","+30"
"235",9,"Mason Crosby",GB,"K12","13","0 out of 5 stars","-36"
"236",9,"Seattle Seahawks",SEA,"DST18","9","4 out of 5 stars","-10"
"237",9,"Wil Lutz",NO,"K13","6","4 out of 5 stars","-53"
"238",9,"Minnesota Vikings",MIN,"DST19","7","3 out of 5 stars","-15"
"239",9,"Mark Ingram II",HOU,"RB67","10","4 out of 5 stars","-38"
"240",9,"Michael Badgley",LAC,"K14","7","2 out of 5 stars","+16"
"241",9,"Van Jefferson",LAR,"WR83","11","5 out of 5 stars","+52"
"242",9,"Brandon McManus",DEN,"K15","11","1 out of 5 stars","-8"
"243",9,"Tim Patrick",DEN,"WR84","11","4 out of 5 stars","+84"
"244",9,"O.J. Howard",TB,"TE29","9","3 out of 5 stars","+7"
"245",9,"Daniel Carlson",LV,"K16","8","2 out of 5 stars","-35"
"246",9,"Josh Reynolds",TEN,"WR85","13","3 out of 5 stars","+69"
"247",9,"Philadelphia Eagles",PHI,"DST20","14","4 out of 5 stars","+40"
"248",9,"DeSean Jackson",LAR,"WR86","11","5 out of 5 stars","+46"
"249",9,"Denzel Mims",NYJ,"WR87","6","4 out of 5 stars","+10"
"250",9,"Hunter Renfrow",LV,"WR88","8","1 out of 5 stars","+53"
"251",9,"KJ Hamler",DEN,"WR89","11","4 out of 5 stars","+44"
"252",9,"Marquez Callaway",NO,"WR90","6","4 out of 5 stars","-87"
"253",9,"Taysom Hill",NO,"QB31","6","3 out of 5 stars","-80"
"254",9,"Rhamondre Stevenson",NE,"RB68","14","3 out of 5 stars","-58"
"255",9,"Joey Slye",CAR,"K17","13","5 out of 5 stars","+29"
"256",9,"Benny Snell Jr.",PIT,"RB69","7","5 out of 5 stars","+2"
"257",9,"Devontae Booker",NYG,"RB70","10","2 out of 5 stars","-48"
"258",9,"Anthony Miller",HOU,"WR91","10","3 out of 5 stars","+17"
"259",9,"Jake Elliott",PHI,"K18","14","4 out of 5 stars","+4"
"260",9,"Chris Boswell",PIT,"K19","7","2 out of 5 stars","0"
"261",9,"Tennessee Titans",TEN,"DST21","13","3 out of 5 stars","-46"
"262",9,"Jerick McKinnon",KC,"RB71","12","4 out of 5 stars","-16"
"263",9,"Dan Arnold",CAR,"TE30","13","4 out of 5 stars","-1"
"264",9,"Kadarius Toney",NYG,"WR92","10","3 out of 5 stars","-26"
"265",9,"Dustin Hopkins",WAS,"K20","9","2 out of 5 stars","+17"
"266",10,"Ty Johnson",NYJ,"RB72","6","4 out of 5 stars","+22"
"267",10,"Arizona Cardinals",ARI,"DST22","12","3 out of 5 stars","+6"
"268",10,"Nico Collins",HOU,"WR93","10","3 out of 5 stars","-32"
"269",10,"New York Giants",NYG,"DST23","10","4 out of 5 stars","0"
"270",10,"Ka'imi Fairbairn",HOU,"K21","10","3 out of 5 stars","+74"
"271",10,"Chris Herndon IV",NYJ,"TE31","6","3 out of 5 stars","+98"
"272",10,"Xavier Jones",LAR,"RB73","11","4 out of 5 stars","-95"
"273",10,"James Washington",PIT,"WR94","7","2 out of 5 stars","+92"
"274",10,"Matt Breida",BUF,"RB74","7","3 out of 5 stars","+117"
"275",10,"Jeff Wilson Jr.",SF,"RB75","6","3 out of 5 stars","-1"
"276",10,"Amari Rodgers",GB,"WR95","13","1 out of 5 stars","+16"
"277",10,"La'Mical Perine",NYJ,"RB76","6","4 out of 5 stars","-7"
"278",10,"Wayne Gallman",SF,"RB77","6","3 out of 5 stars","+22"
"279",10,"Jack Doyle",IND,"TE32","14","4 out of 5 stars","+110"
"280",10,"New York Jets",NYJ,"DST24","6","4 out of 5 stars","+69"
"281",10,"Teddy Bridgewater",DEN,"QB32","11","5 out of 5 stars","+48"
"282",10,"Anthony McFarland Jr.",PIT,"RB78","7","5 out of 5 stars","-33"
"283",10,"Josh Lambo",JAC,"K22","7","5 out of 5 stars","+72"
"284",10,"Jimmy Graham",CHI,"TE33","10","1 out of 5 stars","-16"
"285",10,"Samaje Perine",CIN,"RB79","10","3 out of 5 stars","+22"
"286",10,"Dallas Cowboys",DAL,"DST25","7","5 out of 5 stars","-44"
"287",10,"Drew Lock",DEN,"QB33","11","5 out of 5 stars","+59"
"288",10,"Rashard Higgins",CLE,"WR96","13","1 out of 5 stars","+46"
"289",10,"Jimmy Garoppolo",SF,"QB34","6","5 out of 5 stars","+24"
"290",10,"Matt Gay",LAR,"K23","11","5 out of 5 stars","-53"
"291",10,"Preston Williams",MIA,"WR97","14","3 out of 5 stars","+70"
"292",10,"Keke Coutee",HOU,"WR98","10","3 out of 5 stars","+4"
"293",10,"Jacksonville Jaguars",JAC,"DST26","7","2 out of 5 stars","+59"
"294",10,"N'Keal Harry",NE,"WR99","14","4 out of 5 stars","+74"
"295",10,"Kerryon Johnson",PHI,"RB80","14","3 out of 5 stars","+35"
"296",10,"Quintez Cephus",DET,"WR100","9","1 out of 5 stars","+60"
"297",10,"Zach Pascal",IND,"WR101","14","5 out of 5 stars","+48"
"298",10,"Deshaun Watson",HOU,"QB35","10","4 out of 5 stars","-132"
"299",10,"Keelan Cole Sr.",NYJ,"WR102","6","4 out of 5 stars","+55"
"300",10,"Donovan Peoples-Jones",CLE,"WR103","13","1 out of 5 stars","-29"
"301",10,"Kendrick Bourne",NE,"WR104","14","4 out of 5 stars","+58"
"302",10,"Graham Gano",NYG,"K24","10","2 out of 5 stars","+35"
"303",10,"Tyron Johnson",LAC,"WR105","7","3 out of 5 stars","+76"
"304",10,"Travis Fulgham",PHI,"WR106","14","3 out of 5 stars","+2"
"305",10,"Atlanta Falcons",ATL,"DST27","6","5 out of 5 stars","+43"
"306",10,"Ke'Shawn Vaughn",TB,"RB81","9","0 out of 5 stars","+8"
"307",10,"Tyrod Taylor",HOU,"QB36","10","4 out of 5 stars","-10"
"308",10,"Javian Hawkins",ATL,"RB82","6","2 out of 5 stars","-58"
"309",10,"Dyami Brown",WAS,"WR107","9","3 out of 5 stars","-5"
"310",10,"D'Wayne Eskridge",SEA,"WR108","9","1 out of 5 stars","-2"
"311",10,"Carolina Panthers",CAR,"DST28","13","4 out of 5 stars","-28"
"312",10,"Scotty Miller",TB,"WR109","9","2 out of 5 stars","-27"
"313",10,"DeeJay Dallas",SEA,"RB83","9","1 out of 5 stars","-"
"314",10,"Qadree Ollison",ATL,"RB84","6","2 out of 5 stars","-37"
"315",10,"Austin Seibert",CIN,"K25","10","1 out of 5 stars","-"
"316",10,"Kyle Rudolph",NYG,"TE34","10","3 out of 5 stars","-"
"317",10,"Dalton Schultz",DAL,"TE35","7","2 out of 5 stars","-8"
"318",10,"Jalen Richard",LV,"RB85","8","2 out of 5 stars","-16"
"319",10,"Jordan Howard",PHI,"RB86","14","3 out of 5 stars","-"
"320",10,"Mac Jones",NE,"QB37","14","5 out of 5 stars","-31"
"321",10,"Rex Burkhead",HOU,"RB87","10","4 out of 5 stars","-"
"322",10,"Pat Freiermuth",PIT,"TE36","7","5 out of 5 stars","-103"
"323",10,"Mo Alie-Cox",IND,"TE37","14","4 out of 5 stars","-44"
"324",10,"Stephen Gostkowski",FA,"K26","-","-","-"
"325",10,"Greg Ward",PHI,"WR110","14","3 out of 5 stars","-"
"326",11,"Cairo Santos",CHI,"K27","10","2 out of 5 stars","+15"
"327",11,"Kalen Ballage",PIT,"RB88","7","5 out of 5 stars","-2"
"328",11,"Ian Thomas",CAR,"TE38","13","4 out of 5 stars","-"
"329",11,"Eno Benjamin",ARI,"RB89","12","3 out of 5 stars","-51"
"330",11,"Andy Dalton",CHI,"QB38","10","2 out of 5 stars","+51"
"331",11,"Andy Isabella",ARI,"WR111","12","2 out of 5 stars","-"
"332",11,"Justice Hill",BAL,"RB90","8","4 out of 5 stars","+54"
"333",11,"Donald Parham Jr.",LAC,"TE39","7","3 out of 5 stars","+61"
"334",11,"Josh Palmer",LAC,"WR112","7","3 out of 5 stars","-68"
"335",11,"Brian Hill",TEN,"RB91","13","3 out of 5 stars","-44"
"336",11,"Jordan Akins",HOU,"TE40","10","4 out of 5 stars","-79"
"337",11,"Byron Pringle",KC,"WR113","12","3 out of 5 stars","-36"
"338",11,"Zane Gonzalez",DET,"K28","9","5 out of 5 stars","-"
"339",11,"Demarcus Robinson",KC,"WR114","12","3 out of 5 stars","-63"
"340",11,"Miles Boykin",BAL,"WR115","8","2 out of 5 stars","-"
"341",11,"Larry Rountree III",LAC,"RB92","7","4 out of 5 stars","-22"
"342",11,"Will Dissly",SEA,"TE41","9","1 out of 5 stars","+41"
"343",11,"Jordan Wilkins",IND,"RB93","14","4 out of 5 stars","-"
"344",11,"Le'Veon Bell",FA,"RB94","-","-","-79"
"345",11,"Ito Smith",MIN,"RB95","7","3 out of 5 stars","-3"
"346",11,"Olamide Zaccheaus",ATL,"WR116","6","4 out of 5 stars","-47"
"347",11,"Duke Johnson Jr.",FA,"RB96","-","-","-"
"348",11,"Todd Gurley II",FA,"RB97","-","-","-119"
"349",11,"C.J. Uzomah",CIN,"TE42","10","2 out of 5 stars","-13"
"350",11,"Cody Parkey",CLE,"K29","13","2 out of 5 stars","-7"
"351",11,"Jermar Jefferson",DET,"RB98","9","0 out of 5 stars","-"
"352",11,"John Ross",NYG,"WR117","10","3 out of 5 stars","-"
"353",11,"Peyton Barber",WAS,"RB99","9","3 out of 5 stars","-"
"354",11,"Houston Texans",HOU,"DST29","10","2 out of 5 stars","-21"
"355",11,"Harrison Bryant",CLE,"TE43","13","2 out of 5 stars","-"
"356",11,"David Njoku",CLE,"TE44","13","2 out of 5 stars","-"
"357",11,"Dan Bailey",FA,"K30","-","-","-"
"358",11,"Drew Sample",CIN,"TE45","10","2 out of 5 stars","-"
"359",11,"Jake Funk",LAR,"RB100","11","4 out of 5 stars","-20"
"360",11,"Jalen Guyton",LAC,"WR118","7","3 out of 5 stars","+2"
"361",11,"Adam Humphries",WAS,"WR119","9","3 out of 5 stars","-40"
"362",11,"Steven Sims Jr.",WAS,"WR120","9","3 out of 5 stars","-"
"363",11,"Tutu Atwell",LAR,"WR121","11","5 out of 5 stars","-52"
"364",11,"Adrian Peterson",FA,"RB101","-","-","+12"
"365",11,"Randy Bullock",DET,"K31","9","5 out of 5 stars","-5"
"366",11,"Sam Sloman",PIT,"K32","7","2 out of 5 stars","-"
"367",11,"Deonte Harris",NO,"WR122","6","4 out of 5 stars","-35"
"368",11,"Elijah Mitchell",SF,"RB102","6","3 out of 5 stars","-116"
"369",11,"Cordarrelle Patterson",ATL,"WR123","6","4 out of 5 stars","-102"
"370",11,"Tyler Conklin",MIN,"TE46","7","2 out of 5 stars","-"
"371",11,"Mike Boone",DEN,"RB103","11","5 out of 5 stars","-66"
"372",11,"Albert Okwuegbunam",DEN,"TE47","11","4 out of 5 stars","+20"
"373",11,"Dede Westbrook",MIN,"WR124","7","3 out of 5 stars","-"
"374",11,"Tylan Wallace",BAL,"WR125","8","2 out of 5 stars","-"
"375",11,"Jacob Hollister",BUF,"TE48","7","2 out of 5 stars","-"
"376",11,"Chris Thompson",FA,"RB104","-","-","-"
"377",11,"Tyler Johnson",TB,"WR126","9","2 out of 5 stars","-4"
"378",11,"Quez Watkins",PHI,"WR127","14","3 out of 5 stars","-"
"379",11,"Detroit Lions",DET,"DST30","9","5 out of 5 stars","-22"
"380",11,"Nick Folk",NE,"K33","14","4 out of 5 stars","-136"
"381",11,"Las Vegas Raiders",LV,"DST31","8","4 out of 5 stars","-"
"382",11,"Cameron Brate",TB,"TE49","9","3 out of 5 stars","-"
"383",11,"Cincinnati Bengals",CIN,"DST32","10","3 out of 5 stars","-"
"384",11,"Dez Fitzpatrick",TEN,"WR128","13","3 out of 5 stars","-18"
"385",11,"Collin Johnson",JAC,"WR129","7","5 out of 5 stars","-"
"386",12,"Tyler Kroft",NYJ,"TE50","6","3 out of 5 stars","-"
"387",12,"Chris Evans",CIN,"RB105","10","3 out of 5 stars","-29"
"388",12,"Kylin Hill",GB,"RB106","13","0 out of 5 stars","-"
"389",12,"Antonio Gandy-Golden",WAS,"WR130","9","3 out of 5 stars","-36"
"390",12,"Chris Conley",HOU,"WR131","10","3 out of 5 stars","-19"
"391",12,"Brevin Jordan",HOU,"TE51","10","4 out of 5 stars","-"
"392",12,"Devin Duvernay",BAL,"WR132","8","2 out of 5 stars","-"
"393",12,"Evan McPherson",CIN,"K34","10","1 out of 5 stars","-81"
"394",12,"Royce Freeman",DEN,"RB107","11","5 out of 5 stars","-108"
"395",12,"Tyler Eifert",FA,"TE52","-","-","-"
"396",12,"Jacob Eason",IND,"QB39","14","4 out of 5 stars","-11"
"397",12,"James O'Shaughnessy",JAC,"TE53","7","4 out of 5 stars","-"
"398",12,"Jalen Hurd",SF,"WR133","6","5 out of 5 stars","-"
"399",12,"Jaret Patterson",WAS,"RB108","9","3 out of 5 stars","-11"
"400",12,"Maxx Williams",ARI,"TE54","12","2 out of 5 stars","-"
"401",12,"David Moore",CAR,"WR134","13","5 out of 5 stars","-75"
"402",12,"Golden Tate",FA,"WR135","-","-","-"
"403",12,"Auden Tate",CIN,"WR136","10","2 out of 5 stars","-"
"404",12,"Cornell Powell",KC,"WR137","12","3 out of 5 stars","-9"
"405",12,"Jordan Love",GB,"QB40","13","2 out of 5 stars","-35"
"406",12,"Tony Jones Jr.",NO,"RB109","6","2 out of 5 stars","-"
"407",12,"Greg Joseph",MIN,"K35","7","0 out of 5 stars","-"
"408",12,"Larry Fitzgerald",FA,"WR138","-","-","-"
"409",12,"Jacob Harris",LAR,"TE55","11","2 out of 5 stars","-"
"410",12,"Ihmir Smith-Marsette",MIN,"WR139","7","3 out of 5 stars","-"
"411",12,"Tucker McCann",TEN,"K36","13","2 out of 5 stars","-34"
"412",12,"Danny Amendola",FA,"WR140","-","-","-"
"413",12,"Davis Mills",HOU,"QB41","10","4 out of 5 stars","-"
"414",12,"Foster Moreau",LV,"TE56","8","4 out of 5 stars","-"
"415",12,"Albert Wilson",MIA,"WR141","14","3 out of 5 stars","-31"
"416",12,"Geoff Swaim",TEN,"TE57","13","2 out of 5 stars","-"
"417",12,"Cam Sims",WAS,"WR142","9","3 out of 5 stars","-54"
"418",12,"Khalil Herbert",CHI,"RB110","10","3 out of 5 stars","-"
"419",12,"Dare Ogunbowale",JAC,"RB111","7","4 out of 5 stars","-"
"420",12,"Darwin Thompson",KC,"RB112","12","4 out of 5 stars","-"
"421",12,"Sam Ficken",TEN,"K37","13","2 out of 5 stars","-131"
"422",12,"Kyle Juszczyk",SF,"RB113","6","3 out of 5 stars","-"
"423",12,"Willie Snead IV",LV,"WR143","8","1 out of 5 stars","-"
"424",12,"Alex Collins",SEA,"RB114","9","1 out of 5 stars","-"
"425",12,"Taylor Heinicke",WAS,"QB42","9","4 out of 5 stars","-"
"426",12,"Gardner Minshew II",JAC,"QB43","7","4 out of 5 stars","-"
"427",12,"Devin Funchess",GB,"WR144","13","1 out of 5 stars","-89"
"428",12,"Jace Sternberger",GB,"TE58","13","3 out of 5 stars","-"
"429",12,"Kylen Granson",IND,"TE59","14","4 out of 5 stars","-"
"430",12,"Damiere Byrd",CHI,"WR145","10","3 out of 5 stars","-63"
"431",12,"Gerrid Doaks",MIA,"RB115","14","4 out of 5 stars","-"
"432",12,"Cedrick Wilson",DAL,"WR146","7","1 out of 5 stars","-"
"433",12,"Bryce Love",FA,"RB116","-","-","-"
"434",12,"Nick Boyle",BAL,"TE60","8","4 out of 5 stars","-"
"435",12,"Trayveon Williams",CIN,"RB117","10","3 out of 5 stars","-"
"436",12,"Kahale Warring",NE,"TE61","14","5 out of 5 stars","-"
"437",12,"Mohamed Sanu",SF,"WR147","6","5 out of 5 stars","-"
"438",12,"Darren Fells",DET,"TE62","9","4 out of 5 stars","-"
"439",12,"Ryan Griffin",NYJ,"TE63","6","3 out of 5 stars","-"
"440",12,"Hunter Long",MIA,"TE64","14","4 out of 5 stars","-"
"441",12,"Dazz Newsome",CHI,"WR148","10","3 out of 5 stars","-63"
"442",12,"Anthony Schwartz",CLE,"WR149","13","1 out of 5 stars","-68"
"443",12,"Isaiah McKenzie",BUF,"WR150","7","3 out of 5 stars","-"
"444",12,"Richie James Jr.",SF,"WR151","6","5 out of 5 stars","-"
"445",12,"Mitchell Trubisky",BUF,"QB44","7","1 out of 5 stars","-55"
"446",12,"Freddie Swain",SEA,"WR152","9","1 out of 5 stars","-"
"447",12,"Alshon Jeffery",FA,"WR153","-","-","-"
"448",12,"Ty Montgomery",NO,"RB118","6","2 out of 5 stars","-73"
"449",12,"Chad Beebe",MIN,"WR154","7","3 out of 5 stars","-56"
"450",12,"Tommy Tremble",CAR,"TE65","13","4 out of 5 stars","-"
"451",12,"Kelvin Harmon",WAS,"WR155","9","3 out of 5 stars","-"
"452",12,"Juwan Johnson",NO,"WR156","6","4 out of 5 stars","-"
"453",12,"Marcus Mariota",LV,"QB45","8","3 out of 5 stars","-102"
"454",12,"Devine Ozigbo",JAC,"RB119","7","4 out of 5 stars","-"
"455",12,"Noah Gray",KC,"TE66","12","3 out of 5 stars","-"
"456",12,"Frank Darby",ATL,"WR157","6","4 out of 5 stars","-"
"457",12,"Kene Nwangwu",MIN,"RB120","7","3 out of 5 stars","-"
"458",12,"Lil'Jordan Humphrey",NO,"WR158","6","4 out of 5 stars","-"
"459",12,"Jeremy McNichols",TEN,"RB121","13","3 out of 5 stars","-"
"460",13,"Nick Vannett",NO,"TE67","6","4 out of 5 stars","-"
"461",13,"Marquise Goodwin",CHI,"WR159","10","3 out of 5 stars","-111"
"462",13,"Equanimeous St. Brown",GB,"WR160","13","1 out of 5 stars","-"
"463",13,"Tre' McKitty",LAC,"TE68","7","3 out of 5 stars","-"
"464",13,"Brycen Hopkins",LAR,"TE69","11","2 out of 5 stars","-"
"465",13,"Devonta Freeman",NO,"RB122","6","2 out of 5 stars","-"
"466",13,"Simi Fehoko",DAL,"WR161","7","1 out of 5 stars","-"
"467",13,"Richard Rodgers",PHI,"TE70","14","3 out of 5 stars","-"
"468",13,"Braxton Berrios",NYJ,"WR162","6","4 out of 5 stars","-"
"469",13,"D'Ernest Johnson",CLE,"RB123","13","4 out of 5 stars","-"
"470",13,"Trey Burton",FA,"TE71","-","-","-"
"471",13,"Patrick Ricard",BAL,"RB124","8","4 out of 5 stars","-"
"472",13,"Chris Manhertz",JAC,"TE72","7","4 out of 5 stars","-"
"473",13,"Tim Tebow",JAC,"TE73","7","4 out of 5 stars","-212"
"474",13,"Adam Shaheen",MIA,"TE74","14","4 out of 5 stars","-"
"475",13,"John Hightower",PHI,"WR163","14","3 out of 5 stars","-"
"476",13,"Travis Homer",SEA,"RB125","9","1 out of 5 stars","-"
"477",13,"Chase McLaughlin",CLE,"K38","13","2 out of 5 stars","-"
"478",13,"J.J. Arcega-Whiteside",PHI,"WR164","14","3 out of 5 stars","-"
"479",13,"Ross Dwelley",SF,"TE75","6","4 out of 5 stars","-"
"480",13,"Raymond Calais",LAR,"RB126","11","4 out of 5 stars","-"
"481",13,"Johnny Mundt",LAR,"TE76","11","2 out of 5 stars","-"
"482",13,"Blake Bell",KC,"TE77","12","3 out of 5 stars","-"
"483",13,"Pharaoh Brown",HOU,"TE78","10","4 out of 5 stars","-"
"484",13,"Darrell Daniels",ARI,"TE79","12","2 out of 5 stars","-"
"485",13,"Demetric Felton",CLE,"WR165","13","1 out of 5 stars","-113"
"486",13,"Durham Smythe",MIA,"TE80","14","4 out of 5 stars","-"
"487",13,"Frank Gore",FA,"RB127","-","-","-"
"488",13,"Jakeem Grant Sr.",MIA,"WR166","14","3 out of 5 stars","-"
"489",13,"Seth Williams",DEN,"WR167","11","4 out of 5 stars","-"
"490",13,"Marcedes Lewis",GB,"TE81","13","3 out of 5 stars","-"
"491",13,"Keith Smith",ATL,"RB128","6","2 out of 5 stars","-"
"492",13,"D'Onta Foreman",ATL,"RB129","6","2 out of 5 stars","-161"
"493",13,"Christian Blake",ATL,"WR168","6","4 out of 5 stars","-"
"494",13,"Josh Oliver",BAL,"TE82","8","4 out of 5 stars","-"
"495",13,"Alec Ingold",LV,"RB130","8","2 out of 5 stars","-"
"496",13,"Cade Johnson",SEA,"WR169","9","1 out of 5 stars","-"
"497",13,"Kalif Raymond",DET,"WR170","9","1 out of 5 stars","-"
"498",13,"Cameron Batson",TEN,"WR171","13","3 out of 5 stars","-"
"499",13,"Sage Surratt",DET,"WR172","9","1 out of 5 stars","-"
"500",13,"Marquez Stevenson",BUF,"WR173","7","3 out of 5 stars","-"
"501",13,"Phillip Dorsett II",JAC,"WR174","7","5 out of 5 stars","-"
"502",13,"Gunner Olszewski",NE,"WR175","14","4 out of 5 stars","-"
"503",13,"Javon Wims",CHI,"WR176","10","3 out of 5 stars","-"
"504",13,"C.J. Ham",MIN,"RB131","7","3 out of 5 stars","-"
"505",13,"Zay Jones",LV,"WR177","8","1 out of 5 stars","-"
"506",13,"J.J. Taylor",NE,"RB132","14","3 out of 5 stars","-"
"507",13,"Michael Burton",KC,"RB133","12","4 out of 5 stars","-"
"508",13,"Jakob Johnson",NE,"RB134","14","3 out of 5 stars","-"
"509",13,"Kenny Stills",BUF,"WR178","7","3 out of 5 stars","-"
"510",13,"Ray-Ray McCloud",PIT,"WR179","7","2 out of 5 stars","-"
"511",13,"Jaylen Samuels",PIT,"RB135","7","5 out of 5 stars","-"
"512",13,"Ryan Izzo",HOU,"TE83","10","4 out of 5 stars","-"
"513",13,"Antonio Callaway",KC,"WR180","12","3 out of 5 stars","-"
"514",13,"Hunter Bryant",DET,"TE84","9","4 out of 5 stars","-"
"515",13,"Ameer Abdullah",MIN,"RB136","7","3 out of 5 stars","-180"
"516",13,"Mike Strachan",IND,"WR181","14","5 out of 5 stars","-"
"517",13,"John Bates",WAS,"TE85","9","3 out of 5 stars","-"
"518",13,"Lee Smith",ATL,"TE86","6","2 out of 5 stars","-"
"519",13,"Kaden Smith",NYG,"TE87","10","3 out of 5 stars","-"
"520",13,"Derek Carrier",LV,"TE88","8","4 out of 5 stars","-"
"521",13,"Sam Ehlinger",IND,"QB46","14","4 out of 5 stars","-"
"522",13,"Phillip Walker",CAR,"QB47","13","4 out of 5 stars","-"
"523",13,"Kenny Yeboah",NYJ,"TE89","6","3 out of 5 stars","-"
"524",13,"Alex Armah",NO,"RB137","6","2 out of 5 stars","-"
"525",13,"Jonathan Ward",ARI,"RB138","12","3 out of 5 stars","-"
"526",13,"Tommy Sweeney",BUF,"TE90","7","2 out of 5 stars","-"
"527",13,"Corey Clement",NYG,"RB139","10","2 out of 5 stars","-145"
"528",13,"Andrew Jacas",SF,"K39","6","4 out of 5 stars","-"
"529",13,"KeeSean Johnson",ARI,"WR182","12","2 out of 5 stars","-"
"530",13,"Devin Asiasi",NE,"TE91","14","5 out of 5 stars","-"
"531",13,"Jaeden Graham",ATL,"TE92","6","2 out of 5 stars","-"
"532",13,"Dedrick Mills",DET,"RB140","9","0 out of 5 stars","-"
"533",13,"Jamal Agnew",JAC,"WR183","7","5 out of 5 stars","-"
"534",13,"Antony Auclair",HOU,"TE93","10","4 out of 5 stars","-"
"535",13,"Trenton Cannon",CAR,"RB141","13","2 out of 5 stars","-"
"536",13,"Trent Sherfield",SF,"WR184","6","5 out of 5 stars","-"
"537",13,"K.J. Osborn",MIN,"WR185","7","3 out of 5 stars","-"
"538",13,"Jaelon Darden",TB,"WR186","9","2 out of 5 stars","-"
"539",13,"Khari Blasingame",TEN,"RB142","13","3 out of 5 stars","-"
"540",13,"Aldrick Rosas",NO,"K40","6","4 out of 5 stars","-"
"541",13,"Alex Erickson",HOU,"WR187","10","3 out of 5 stars","-"
"542",13,"Tajae Sharpe",ATL,"WR188","6","4 out of 5 stars","-"
"543",13,"LeSean McCoy",FA,"RB143","-","-","-"
"544",13,"Ashton Dulin",IND,"WR189","14","5 out of 5 stars","-"
"545",13,"Stephen Anderson",LAC,"TE94","7","3 out of 5 stars","-198"
"546",13,"Jauan Jennings",SF,"WR190","6","5 out of 5 stars","-"
"547",13,"Farrod Green",IND,"TE95","14","4 out of 5 stars","-"
"548",13,"Theo Riddick",LV,"RB144","8","2 out of 5 stars","-"
"549",13,"Garrett Gilbert",DAL,"QB48","7","2 out of 5 stars","-"
"550",13,"Riley Ridley",CHI,"WR191","10","3 out of 5 stars","-"
"551",13,"Jared Pinkney",TEN,"TE96","13","2 out of 5 stars","-"
"552",13,"Ben Skowronek",LAR,"WR192","11","5 out of 5 stars","-"
"553",13,"Quinn Nordin",NE,"K41","14","4 out of 5 stars","-"
"554",13,"Jeremy Sprinkle",DAL,"TE97","7","2 out of 5 stars","-"
"555",13,"Chris Hogan",NO,"WR193","6","4 out of 5 stars","-"
"556",13,"Luke Farrell",JAC,"TE98","7","4 out of 5 stars","-"
"557",13,"Zach Davidson",MIN,"TE99","7","2 out of 5 stars","-"
"558",13,"Garrett Griffin",NO,"TE100","6","4 out of 5 stars","-"
"559",13,"K.J. Hill Jr.",LAC,"WR194","7","3 out of 5 stars","-"
"560",13,"Kawaan Baker",NO,"WR195","6","4 out of 5 stars","-"
"561",13,"Isaiah Coulter",CHI,"WR196","10","3 out of 5 stars","-"
"562",13,"Otis Anderson Jr.",LAR,"RB145","11","4 out of 5 stars","-"
"563",13,"Brandon Bolden",NE,"RB146","14","3 out of 5 stars","-"
"564",13,"Dalton Keene",NE,"TE101","14","5 out of 5 stars","-"
"565",14,"Andre Roberts",HOU,"WR197","10","3 out of 5 stars","-"
"566",14,"Antonio Williams",BUF,"RB147","7","3 out of 5 stars","-"
"567",14,"KhaDarel Hodge",CLE,"WR198","13","1 out of 5 stars","-"
"568",14,"Sammis Reyes",WAS,"TE102","9","3 out of 5 stars","-"
"569",14,"Diontae Spencer",DEN,"WR199","11","4 out of 5 stars","-"
"570",14,"Mike Thomas",CIN,"WR200","10","2 out of 5 stars","-"
"571",14,"Ricky Seals-Jones",WAS,"TE103","9","3 out of 5 stars","-"
"572",14,"Jordan Thomas",IND,"TE104","14","4 out of 5 stars","-"
"573",14,"Brandon Powell",BUF,"WR201","7","3 out of 5 stars","-"
"574",14,"Joe Reed",LAC,"WR202","7","3 out of 5 stars","-"
"575",14,"James Proche",BAL,"WR203","8","2 out of 5 stars","-"
"576",14,"Reggie Gilliam",BUF,"RB148","7","3 out of 5 stars","-"
"577",14,"JaMycal Hasty",SF,"RB149","6","3 out of 5 stars","-"
"578",14,"Zach Gentry",PIT,"TE105","7","5 out of 5 stars","-"
"579",14,"C.J. Board",NYG,"WR204","10","3 out of 5 stars","-"
"580",14,"Chester Rogers",TEN,"WR205","13","3 out of 5 stars","-"
"581",14,"Kellen Mond",MIN,"QB49","7","3 out of 5 stars","-"
"582",14,"Marvin Hall",NE,"WR206","14","4 out of 5 stars","-"
"583",14,"Marcus Kemp",KC,"WR207","12","3 out of 5 stars","-"
"584",14,"Penny Hart",SEA,"WR208","9","1 out of 5 stars","-"
"585",14,"MyCole Pruitt",SF,"TE106","6","4 out of 5 stars","-"
"586",14,"Charlie Woerner",SF,"TE107","6","4 out of 5 stars","-"
"587",14,"Ross Travis",ARI,"TE108","12","2 out of 5 stars","-"
"588",14,"Pharoh Cooper",JAC,"WR209","7","5 out of 5 stars","-"
"589",14,"Justin Watson",TB,"WR210","9","2 out of 5 stars","-"
"590",14,"Trishton Jackson",LAR,"WR211","11","5 out of 5 stars","-"
"591",14,"Kendall Blanton",LAR,"TE109","11","2 out of 5 stars","-"
"592",14,"Ben Mason",BAL,"RB150","8","4 out of 5 stars","-"
"593",14,"Connor Wedington",SEA,"WR212","9","1 out of 5 stars","-"
"594",14,"Damion Ratley",DET,"WR213","9","1 out of 5 stars","-"
"595",14,"Cethan Carter",MIA,"TE110","14","4 out of 5 stars","-"
"596",14,"Aaron Fuller",SEA,"WR214","9","1 out of 5 stars","-"
"597",14,"Colby Parkinson",SEA,"TE111","9","1 out of 5 stars","-"
"598",14,"Geronimo Allison",DET,"WR215","9","1 out of 5 stars","-"
"599",14,"Andy Janovich",CLE,"RB151","13","4 out of 5 stars","-"
"600",14,"Chris Moore",HOU,"WR216","10","3 out of 5 stars","-"
"601",14,"Cody Thompson",SEA,"WR217","9","1 out of 5 stars","-"
"602",14,"Chris Naggar",NYJ,"K42","6","5 out of 5 stars","-"
"603",14,"Eric Saubert",DEN,"TE112","11","4 out of 5 stars","-"
"604",14,"Racey McMath",TEN,"WR218","13","3 out of 5 stars","-"
"605",14,"Brandon Dillon",MIN,"TE113","7","2 out of 5 stars","-"
"606",14,"Nick Keizer",KC,"TE114","12","3 out of 5 stars","-"
"607",14,"Daurice Fountain",KC,"WR219","12","3 out of 5 stars","-"
"608",14,"Matt Bushman",LV,"TE115","8","4 out of 5 stars","-"
"609",14,"Josiah Deguara",GB,"TE116","13","3 out of 5 stars","-"
"610",14,"Alex Ellis",LV,"TE117","8","4 out of 5 stars","-"
"611",14,"Nick Bowers",LV,"TE118","8","4 out of 5 stars","-"
"612",14,"Shi Smith",CAR,"WR220","13","5 out of 5 stars","-248"
"613",14,"Noah Brown",DAL,"WR221","7","1 out of 5 stars","-"
"614",14,"Devin Smith",NE,"WR222","14","4 out of 5 stars","-234"
"615",14,"Dalton Schoen",KC,"WR223","12","3 out of 5 stars","-"
"616",14,"Isaiah Zuber",NE,"WR224","14","4 out of 5 stars","-"
"617",14,"Pooka Williams Jr.",CIN,"RB152","10","3 out of 5 stars","-345"
"618",14,"Dontrell Hilliard",HOU,"RB153","10","4 out of 5 stars","-"
"619",14,"Taywan Taylor",HOU,"WR225","10","3 out of 5 stars","-"
"620",14,"Ben Ellefson",JAC,"TE119","7","4 out of 5 stars","-"
"621",14,"Maurice Ffrench",KC,"WR226","12","3 out of 5 stars","-"
"622",14,"Travis Benjamin",SF,"WR227","6","5 out of 5 stars","-"
"623",14,"Dax Milne",WAS,"WR228","9","3 out of 5 stars","-"
"624",14,"Kyle Trask",TB,"QB50","9","2 out of 5 stars","-"
"625",14,"Isaiah Wright",WAS,"WR229","9","3 out of 5 stars","-"
"626",14,"Kevin White",NO,"WR230","6","4 out of 5 stars","-"
"627",14,"Marcus Johnson",TEN,"WR231","13","3 out of 5 stars","-"
"628",14,"J.J. Koski",LAR,"WR232","11","5 out of 5 stars","-"
"629",14,"T.J. Yeldon",FA,"RB154","-","-","-"
"630",14,"Alize Mack",DET,"TE120","9","4 out of 5 stars","-"
"631",14,"Antonio Nunn",ATL,"WR233","6","4 out of 5 stars","-"
"632",14,"Chris Rowland",ATL,"WR234","6","4 out of 5 stars","-"
"633",14,"Jeremiah Haydel",LAR,"WR235","11","5 out of 5 stars","-"
"634",14,"Juwan Green",ATL,"WR236","6","4 out of 5 stars","-"
"635",14,"DaeSean Hamilton",DEN,"WR237","11","4 out of 5 stars","-"
"636",14,"Stephen Sullivan",CAR,"TE121","13","4 out of 5 stars","-"
"637",14,"Austin Trammell",ATL,"WR238","6","4 out of 5 stars","-"
"638",14,"Rico Dowdle",DAL,"RB155","7","2 out of 5 stars","-"
"639",14,"Brock Wright",DET,"TE122","9","4 out of 5 stars","-"
"640",14,"Whop Philyor",MIN,"WR239","7","3 out of 5 stars","-"
"641",14,"Dan Chisena",MIN,"WR240","7","3 out of 5 stars","-"
"642",14,"Myron Mitchell",MIN,"WR241","7","3 out of 5 stars","-"
"643",14,"Patrick Laird",MIA,"RB156","14","4 out of 5 stars","-"
"644",14,"Austin Proehl",LAC,"WR242","7","3 out of 5 stars","-"
"645",14,"Austin Fort",DEN,"TE123","11","4 out of 5 stars","-"
"646",14,"Thaddeus Moss",CIN,"TE124","10","2 out of 5 stars","-"
"647",14,"Lamar Miller",WAS,"RB157","9","3 out of 5 stars","-"
"648",14,"Mitchell Wilcox",CIN,"TE125","10","2 out of 5 stars","-"
"649",14,"Rodney Smith",CAR,"RB158","13","2 out of 5 stars","-"
"650",14,"John Hurst",LAC,"WR243","7","3 out of 5 stars","-"
"651",14,"Reggie Bonnafon",CAR,"RB159","13","2 out of 5 stars","-"
"652",14,"Easop Winston Jr.",NO,"WR244","6","4 out of 5 stars","-265"
"653",14,"Chad Henne",KC,"QB51","12","4 out of 5 stars","-"
"654",14,"Gary Brightwell",NYG,"RB160","10","2 out of 5 stars","-"
"655",14,"Shane Zylstra",MIN,"TE126","7","2 out of 5 stars","-"
"656",14,"Jacques Patrick",CIN,"RB161","10","3 out of 5 stars","-"
"657",14,"Mason Schreck",CIN,"TE127","10","2 out of 5 stars","-"
"658",14,"Trenton Irwin",CIN,"WR245","10","2 out of 5 stars","-"
"659",14,"Blake Proehl",MIN,"WR246","7","3 out of 5 stars","-"
"660",14,"Trent Taylor",CIN,"WR247","10","2 out of 5 stars","-"
"661",14,"Trevon Wesco",NYJ,"TE128","6","3 out of 5 stars","-"
"662",14,"Tyler Mabry",SEA,"TE129","9","1 out of 5 stars","-"
"663",14,"J.P. Holtz",CHI,"TE130","10","1 out of 5 stars","-"
"664",14,"Ethan Wolf",NO,"TE131","6","4 out of 5 stars","-"
"665",14,"Chad Williams",KC,"WR248","12","3 out of 5 stars","-"
"666",14,"Marcell Ateman",LV,"WR249","8","1 out of 5 stars","-"
"667",14,"Temarrick Hemingway",WAS,"TE132","9","3 out of 5 stars","-"
"668",14,"Caleb Huntley",ATL,"RB162","6","2 out of 5 stars","-"
"669",14,"Jacoby Brissett",MIA,"QB52","14","4 out of 5 stars","-"
"670",14,"Jordan Franks",CLE,"TE133","13","2 out of 5 stars","-"
"671",14,"Lawrence Cager",NYJ,"WR250","6","4 out of 5 stars","-"
"672",14,"Deon Cain",BAL,"WR251","8","2 out of 5 stars","-"
"673",14,"Jason Moore",LAC,"WR252","7","3 out of 5 stars","-"
"674",14,"Johnny Stanton",CLE,"RB163","13","4 out of 5 stars","-"
"675",14,"DeAndre Carter",WAS,"WR253","9","3 out of 5 stars","-"
"676",14,"Kevin Rader",PIT,"TE134","7","5 out of 5 stars","-"
"677",14,"Daniel Brown",NYJ,"TE135","6","3 out of 5 stars","-"
"678",14,"Tony Poljan",BAL,"TE136","8","4 out of 5 stars","-"
"679",14,"Malik Turner",DAL,"WR254","7","1 out of 5 stars","-"
"680",14,"Mike Glennon",NYG,"QB53","10","4 out of 5 stars","-"
"681",14,"Kendall Hinton",DEN,"WR255","11","4 out of 5 stars","-"
"682",14,"Tyrone Swoopes",WAS,"TE137","9","3 out of 5 stars","-"
"683",14,"Jack Stoll",PHI,"TE138","14","3 out of 5 stars","-"
"684",14,"John Raine",ATL,"TE139","6","2 out of 5 stars","-"
"685",14,"Tony Brooks-James",PIT,"RB164","7","5 out of 5 stars","-"
"686",15,"Colin Thompson",CAR,"TE140","13","4 out of 5 stars","-"
"687",15,"Mekhi Sargent",TEN,"RB165","13","3 out of 5 stars","-"
"688",15,"Fred Brown",TEN,"WR256","13","3 out of 5 stars","-"
"689",15,"Derek Watt",PIT,"RB166","7","5 out of 5 stars","-"
"690",15,"J.J. Nelson",IND,"WR257","14","5 out of 5 stars","-"
"691",15,"Chase Daniel",LAC,"QB54","7","2 out of 5 stars","-"
"692",15,"Giovanni Ricci",CAR,"TE141","13","4 out of 5 stars","-"
"693",15,"Dominique Dafney",GB,"TE142","13","3 out of 5 stars","-"
"694",15,"T.J. Vasher",DAL,"WR258","7","1 out of 5 stars","-"
"695",15,"DJ Turner",LV,"WR259","8","1 out of 5 stars","-"
"696",15,"Jalen Camp",JAC,"WR260","7","5 out of 5 stars","-"
"697",15,"Jarrett Stidham",NE,"QB55","14","5 out of 5 stars","-"
"698",15,"Dillon Stoner",LV,"WR261","8","1 out of 5 stars","-"
"699",15,"Brandon Smith",DAL,"WR262","7","1 out of 5 stars","-"
"700",15,"Aaron Parker",DAL,"WR263","7","1 out of 5 stars","-"
"701",15,"Osirus Mitchell",DAL,"WR264","7","1 out of 5 stars","-"
"702",15,"Johnnie Dixon",DAL,"WR265","7","1 out of 5 stars","-"
"703",15,"Keelan Doss",LV,"WR266","8","1 out of 5 stars","-"
"704",15,"Jaylon Moore",BAL,"WR267","8","2 out of 5 stars","-"
"705",15,"Stephen Guidry",DAL,"WR268","7","1 out of 5 stars","-"
"706",15,"Tre Nixon",NE,"WR269","14","4 out of 5 stars","-"
"707",15,"Dante Pettis",NYG,"WR270","10","3 out of 5 stars","-"
"708",15,"Malcolm Perry",MIA,"WR271","14","3 out of 5 stars","-"
"709",15,"Devin Gray",BAL,"WR272","8","2 out of 5 stars","-"
"710",15,"Nate Becker",BUF,"TE143","7","2 out of 5 stars","-"
"711",15,"Brandon Allen",CIN,"QB56","10","2 out of 5 stars","-"
"712",15,"Brandon Zylstra",CAR,"WR273","13","5 out of 5 stars","-"
"713",15,"Mason Rudolph",PIT,"QB57","7","4 out of 5 stars","-"
"714",15,"Dwayne Haskins",PIT,"QB58","7","4 out of 5 stars","-"
"715",15,"Tyrie Cleveland",DEN,"WR274","11","4 out of 5 stars","-"
"716",15,"Isaiah Hodgins",BUF,"WR275","7","3 out of 5 stars","-"
"717",15,"Andre Baccellia",ARI,"WR276","12","2 out of 5 stars","-"
"718",15,"A.J. Richardson",ARI,"WR277","12","2 out of 5 stars","-"
"719",15,"Noah Togiai",IND,"TE144","14","4 out of 5 stars","-"
"720",15,"Antoine Wesley",ARI,"WR278","12","2 out of 5 stars","-"
"721",15,"Jeff Smith",NYJ,"WR279","6","4 out of 5 stars","-"
"722",15,"Jesper Horsted",CHI,"TE145","10","1 out of 5 stars","-"
"723",15,"Joe Flacco",PHI,"QB59","14","4 out of 5 stars","-"
"724",15,"Lance Lenoir Jr.",BUF,"WR280","7","3 out of 5 stars","-"
"725",15,"Tanner Gentry",BUF,"WR281","7","3 out of 5 stars","-"
"726",15,"Anthony Johnson",PIT,"WR282","7","2 out of 5 stars","-"
"727",15,"Colt McCoy",ARI,"QB60","12","2 out of 5 stars","-"
"728",15,"John Wolford",LAR,"QB61","11","4 out of 5 stars","-"
"729",15,"Case Keenum",CLE,"QB62","13","3 out of 5 stars","-"
"730",15,"Jake Kumerow",BUF,"WR283","7","3 out of 5 stars","-"
"731",15,"Jaydon Mickens",TB,"WR284","9","2 out of 5 stars","-"
"732",15,"Trace McSorley",BAL,"QB63","8","2 out of 5 stars","-"
"733",15,"Scooter Harrington",CHI,"TE146","10","1 out of 5 stars","-"
"734",15,"James Morgan",NYJ,"QB64","6","3 out of 5 stars","-"
"735",15,"Josh Malone",NYJ,"WR285","6","4 out of 5 stars","-"
"736",15,"Mason Kinsey",TEN,"WR286","13","3 out of 5 stars","-"
"737",15,"Matt LaCosse",NE,"TE147","14","5 out of 5 stars","-"
"738",15,"Josh Adams",NYJ,"RB167","6","4 out of 5 stars","-"
"739",15,"Nick Westbrook-Ikhine",TEN,"WR287","13","3 out of 5 stars","-"
"740",15,"Cody White",PIT,"WR288","7","2 out of 5 stars","-"
"741",15,"Tanner Hudson",TB,"TE148","9","3 out of 5 stars","-"
"742",15,"Josh Hammond",JAC,"WR289","7","5 out of 5 stars","-"
"743",15,"Rico Bussey",PIT,"WR290","7","2 out of 5 stars","-"
"744",15,"River Cracraft",SF,"WR291","6","5 out of 5 stars","-"
"745",15,"Tyler Simmons",PIT,"WR292","7","2 out of 5 stars","-"
"746",15,"Branden Mack",DEN,"WR293","11","4 out of 5 stars","-"
"747",15,"Victor Bolden Jr.",DET,"WR294","9","1 out of 5 stars","-"
"748",15,"Juwann Winfree",GB,"WR295","13","1 out of 5 stars","-"
"749",15,"Nick Eubanks",DAL,"TE149","7","2 out of 5 stars","-"
"750",15,"Trinity Benson",DEN,"WR296","11","4 out of 5 stars","-"
"751",15,"Reggie Begelton",GB,"WR297","13","1 out of 5 stars","-"
"752",15,"Dezmon Patmon",IND,"WR298","14","5 out of 5 stars","-"
"753",15,"Malik Taylor",GB,"WR299","13","1 out of 5 stars","-"
"754",15,"Nakia Griffin-Stewart",NYG,"TE150","10","3 out of 5 stars","-"
"755",15,"Rodney Adams",CHI,"WR300","10","3 out of 5 stars","-"
"756",15,"Tyler Vaughns",IND,"WR301","14","5 out of 5 stars","-"
"757",15,"Chris Lacy",CHI,"WR302","10","3 out of 5 stars","-"
"758",15,"Tarik Black",IND,"WR303","14","5 out of 5 stars","-"
"759",15,"Tom Kennedy",DET,"WR304","9","1 out of 5 stars","-"
"760",15,"Artayvious Lynn",DAL,"TE151","7","2 out of 5 stars","-"
"761",15,"Cole Hikutini",NYG,"TE152","10","3 out of 5 stars","-"
"762",15,"Sean McKeon",DAL,"TE153","7","2 out of 5 stars","-"
"763",15,"Javon McKinley",DET,"WR305","9","1 out of 5 stars","-"
"764",15,"Mack Hollins",MIA,"WR306","14","3 out of 5 stars","-"
"765",15,"Trey Ragas",LV,"RB168","8","2 out of 5 stars","-"
"766",15,"Scotty Washington",CIN,"WR307","10","2 out of 5 stars","-"
"767",15,"Chris Myarick",MIA,"TE154","14","4 out of 5 stars","-"
"768",15,"Hunter Kampmoyer",LAC,"TE155","7","3 out of 5 stars","-"
"769",15,"Kabion Ento",GB,"WR308","13","1 out of 5 stars","-"
"770",15,"Chris Blair",GB,"WR309","13","1 out of 5 stars","-"
"771",15,"Feleipe Franks",ATL,"QB65","6","3 out of 5 stars","-"
"772",15,"DeMichael Harris",IND,"WR310","14","5 out of 5 stars","-"
"773",15,"Easton Stick",LAC,"QB66","7","2 out of 5 stars","-"
"774",16,"Nick Foles",CHI,"QB67","10","2 out of 5 stars","-"
"775",16,"Shaun Beyer",DEN,"TE156","11","4 out of 5 stars","-"
"776",16,"Travis Jonsen",TB,"WR311","9","2 out of 5 stars","-"
"777",16,"Stanley Morgan Jr.",CIN,"WR312","10","2 out of 5 stars","-"
"778",16,"D.J. Montgomery",NYJ,"WR313","6","4 out of 5 stars","-"
"779",16,"Manasseh Bailey",NYJ,"WR314","6","4 out of 5 stars","-"
"780",16,"Cyril Grayson Jr.",TB,"WR315","9","2 out of 5 stars","-"
"781",16,"Kristian Wilkerson",NE,"WR316","14","4 out of 5 stars","-"
"782",16,"Vyncint Smith",NYJ,"WR317","6","4 out of 5 stars","-"
"783",16,"David Sills V",NYG,"WR318","10","3 out of 5 stars","-"
"784",16,"C.J. Saunders",CAR,"WR319","13","5 out of 5 stars","-"
"785",16,"Ishmael Hyman",CAR,"WR320","13","5 out of 5 stars","-"
"786",16,"Omar Bayless",CAR,"WR321","13","5 out of 5 stars","-"
"787",16,"Austin Mack",NYG,"WR322","10","3 out of 5 stars","-"
"788",16,"Keith Kirkwood",CAR,"WR323","13","5 out of 5 stars","-"
"789",16,"Matthew Slater",NE,"WR324","14","4 out of 5 stars","-"
"790",16,"Kyle Allen",WAS,"QB68","9","4 out of 5 stars","-"
"791",16,"Alex Bachman",NYG,"WR325","10","3 out of 5 stars","-"